entry_local_idx,entry_raw_t,exit_raw_t,entry_timestamp,exit_timestamp,side,exit_type,time_to_exit_bars,realized_return,gross_pnl,net_pnl,backtest_mode
9,283342,283358,2021-04-16 17:26:05+00:00,2021-04-16 17:26:21+00:00,1,upper,16,0.00039999998989515007,0.00039999998989515007,9.999998989515004e-05,realized_event_entry_model
27,283360,283378,2021-04-16 17:26:23+00:00,2021-04-16 17:26:41+00:00,-1,upper,18,0.00039999998989515007,-0.00039999998989515007,-0.0006999999898951501,realized_event_entry_model
61,283394,283405,2021-04-16 17:26:57+00:00,2021-04-16 17:27:08+00:00,1,lower,11,-0.00039999998989515007,-0.00039999998989515007,-0.0006999999898951501,realized_event_entry_model
90,283423,283434,2021-04-16 17:27:26+00:00,2021-04-16 17:27:37+00:00,1,upper,11,0.00039999998989515007,0.00039999998989515007,9.999998989515004e-05,realized_event_entry_model
101,283434,283436,2021-04-16 17:27:37+00:00,2021-04-16 17:27:39+00:00,1,upper,2,0.00039999998989515007,0.00039999998989515007,9.999998989515004e-05,realized_event_entry_model
103,283436,283476,2021-04-16 17:27:39+00:00,2021-04-16 17:28:19+00:00,1,lower,40,-0.00039999998989515007,-0.00039999998989515007,-0.0006999999898951501,realized_event_entry_model
148,283481,283504,2021-04-16 17:28:24+00:00,2021-04-16 17:28:47+00:00,1,lower,23,-0.00039999998989515007,-0.00039999998989515007,-0.0006999999898951501,realized_event_entry_model
197,283530,283578,2021-04-16 17:29:13+00:00,2021-04-16 17:30:01+00:00,1,upper,48,0.00039999998989515007,0.00039999998989515007,9.999998989515004e-05,realized_event_entry_model
247,283580,283593,2021-04-16 17:30:03+00:00,2021-04-16 17:30:16+00:00,1,upper,13,0.00039999998989515007,0.00039999998989515007,9.999998989515004e-05,realized_event_entry_model
261,283594,283651,2021-04-16 17:30:17+00:00,2021-04-16 17:31:14+00:00,1,upper,57,0.00039999998989515007,0.00039999998989515007,9.999998989515004e-05,realized_event_entry_model
322,283655,283669,2021-04-16 17:31:18+00:00,2021-04-16 17:31:32+00:00,1,upper,14,0.00039999998989515007,0.00039999998989515007,9.999998989515004e-05,realized_event_entry_model
336,283669,283677,2021-04-16 17:31:32+00:00,2021-04-16 17:31:40+00:00,1,upper,8,0.00039999998989515007,0.00039999998989515007,9.999998989515004e-05,realized_event_entry_model
344,283677,283683,2021-04-16 17:31:40+00:00,2021-04-16 17:31:46+00:00,1,upper,6,0.00039999998989515007,0.00039999998989515007,9.999998989515004e-05,realized_event_entry_model
355,283688,283719,2021-04-16 17:31:51+00:00,2021-04-16 17:32:22+00:00,-1,lower,31,-0.00039999998989515007,0.00039999998989515007,9.999998989515004e-05,realized_event_entry_model
388,283721,283788,2021-04-16 17:32:24+00:00,2021-04-16 17:33:31+00:00,1,lower,67,-0.00039999998989515007,-0.00039999998989515007,-0.0006999999898951501,realized_event_entry_model
469,283802,283812,2021-04-16 17:33:45+00:00,2021-04-16 17:33:55+00:00,1,lower,10,-0.00039999998989515007,-0.00039999998989515007,-0.0006999999898951501,realized_event_entry_model
487,283820,283862,2021-04-16 17:34:03+00:00,2021-04-16 17:34:45+00:00,-1,lower,42,-0.00039999998989515007,0.00039999998989515007,9.999998989515004e-05,realized_event_entry_model
532,283865,283884,2021-04-16 17:34:48+00:00,2021-04-16 17:35:07+00:00,1,lower,19,-0.00039999998989515007,-0.00039999998989515007,-0.0006999999898951501,realized_event_entry_model
558,283891,283895,2021-04-16 17:35:14+00:00,2021-04-16 17:35:18+00:00,1,upper,4,0.00039999998989515007,0.00039999998989515007,9.999998989515004e-05,realized_event_entry_model
562,283895,283900,2021-04-16 17:35:18+00:00,2021-04-16 17:35:23+00:00,1,upper,5,0.00039999998989515007,0.00039999998989515007,9.999998989515004e-05,realized_event_entry_model
567,283900,283926,2021-04-16 17:35:23+00:00,2021-04-16 17:35:49+00:00,1,lower,26,-0.00039999998989515007,-0.00039999998989515007,-0.0006999999898951501,realized_event_entry_model
599,283932,283935,2021-04-16 17:35:55+00:00,2021-04-16 17:35:58+00:00,-1,lower,3,-0.00039999998989515007,0.00039999998989515007,9.999998989515004e-05,realized_event_entry_model
612,283945,283969,2021-04-16 17:36:08+00:00,2021-04-16 17:36:32+00:00,1,upper,24,0.00039999998989515007,0.00039999998989515007,9.999998989515004e-05,realized_event_entry_model
636,283969,283972,2021-04-16 17:36:32+00:00,2021-04-16 17:36:35+00:00,1,upper,3,0.00039999998989515007,0.00039999998989515007,9.999998989515004e-05,realized_event_entry_model
639,283972,283973,2021-04-16 17:36:35+00:00,2021-04-16 17:36:36+00:00,1,lower,1,-0.00039999998989515007,-0.00039999998989515007,-0.0006999999898951501,realized_event_entry_model
641,283974,283979,2021-04-16 17:36:37+00:00,2021-04-16 17:36:42+00:00,1,upper,5,0.00039999998989515007,0.00039999998989515007,9.999998989515004e-05,realized_event_entry_model
660,283993,284006,2021-04-16 17:36:56+00:00,2021-04-16 17:37:09+00:00,1,upper,13,0.00039999998989515007,0.00039999998989515007,9.999998989515004e-05,realized_event_entry_model
679,284012,284023,2021-04-16 17:37:15+00:00,2021-04-16 17:37:26+00:00,1,upper,11,0.00039999998989515007,0.00039999998989515007,9.999998989515004e-05,realized_event_entry_model
694,284027,284060,2021-04-16 17:37:30+00:00,2021-04-16 17:38:03+00:00,-1,upper,33,0.00039999998989515007,-0.00039999998989515007,-0.0006999999898951501,realized_event_entry_model
727,284060,284066,2021-04-16 17:38:03+00:00,2021-04-16 17:38:09+00:00,1,upper,6,0.00039999998989515007,0.00039999998989515007,9.999998989515004e-05,realized_event_entry_model
735,284068,284084,2021-04-16 17:38:11+00:00,2021-04-16 17:38:27+00:00,1,upper,16,0.00039999998989515007,0.00039999998989515007,9.999998989515004e-05,realized_event_entry_model
751,284084,284092,2021-04-16 17:38:27+00:00,2021-04-16 17:38:35+00:00,1,lower,8,-0.00039999998989515007,-0.00039999998989515007,-0.0006999999898951501,realized_event_entry_model
761,284094,284104,2021-04-16 17:38:37+00:00,2021-04-16 17:38:47+00:00,1,upper,10,0.00039999998989515007,0.00039999998989515007,9.999998989515004e-05,realized_event_entry_model
779,284112,284232,2021-04-16 17:38:55+00:00,2021-04-16 17:40:55+00:00,1,vertical,120,0.0003294842317700386,0.0003294842317700386,2.9484231770038577e-05,realized_event_entry_model
899,284232,284264,2021-04-16 17:40:55+00:00,2021-04-16 17:41:27+00:00,1,lower,32,-0.00039999998989515007,-0.00039999998989515007,-0.0006999999898951501,realized_event_entry_model
942,284275,284280,2021-04-16 17:41:38+00:00,2021-04-16 17:41:43+00:00,1,upper,5,0.00039999998989515007,0.00039999998989515007,9.999998989515004e-05,realized_event_entry_model
951,284284,284331,2021-04-16 17:41:47+00:00,2021-04-16 17:42:34+00:00,1,upper,47,0.00039999998989515007,0.00039999998989515007,9.999998989515004e-05,realized_event_entry_model
1000,284333,284363,2021-04-16 17:42:36+00:00,2021-04-16 17:43:06+00:00,1,lower,30,-0.00039999998989515007,-0.00039999998989515007,-0.0006999999898951501,realized_event_entry_model
1035,284368,284378,2021-04-16 17:43:11+00:00,2021-04-16 17:43:21+00:00,1,lower,10,-0.00039999998989515007,-0.00039999998989515007,-0.0006999999898951501,realized_event_entry_model
1049,284382,284402,2021-04-16 17:43:25+00:00,2021-04-16 17:43:45+00:00,-1,upper,20,0.00039999998989515007,-0.00039999998989515007,-0.0006999999898951501,realized_event_entry_model
1070,284403,284444,2021-04-16 17:43:46+00:00,2021-04-16 17:44:27+00:00,1,lower,41,-0.00039999998989515007,-0.00039999998989515007,-0.0006999999898951501,realized_event_entry_model
1112,284445,284454,2021-04-16 17:44:28+00:00,2021-04-16 17:44:37+00:00,-1,lower,9,-0.00039999998989515007,0.00039999998989515007,9.999998989515004e-05,realized_event_entry_model
1138,284471,284473,2021-04-16 17:44:54+00:00,2021-04-16 17:44:56+00:00,1,upper,2,0.00039999998989515007,0.00039999998989515007,9.999998989515004e-05,realized_event_entry_model
1140,284473,284481,2021-04-16 17:44:56+00:00,2021-04-16 17:45:04+00:00,1,upper,8,0.00039999998989515007,0.00039999998989515007,9.999998989515004e-05,realized_event_entry_model
1169,284502,284506,2021-04-16 17:45:25+00:00,2021-04-16 17:45:29+00:00,1,upper,4,0.00039999998989515007,0.00039999998989515007,9.999998989515004e-05,realized_event_entry_model
1173,284506,284531,2021-04-16 17:45:29+00:00,2021-04-16 17:45:54+00:00,1,upper,25,0.00039999998989515007,0.00039999998989515007,9.999998989515004e-05,realized_event_entry_model
1198,284531,284540,2021-04-16 17:45:54+00:00,2021-04-16 17:46:03+00:00,-1,lower,9,-0.00039999998989515007,0.00039999998989515007,9.999998989515004e-05,realized_event_entry_model
1208,284541,284572,2021-04-16 17:46:04+00:00,2021-04-16 17:46:35+00:00,1,lower,31,-0.00039999998989515007,-0.00039999998989515007,-0.0006999999898951501,realized_event_entry_model
1244,284577,284595,2021-04-16 17:46:40+00:00,2021-04-16 17:46:58+00:00,1,lower,18,-0.00039999998989515007,-0.00039999998989515007,-0.0006999999898951501,realized_event_entry_model
1264,284597,284601,2021-04-16 17:47:00+00:00,2021-04-16 17:47:04+00:00,-1,lower,4,-0.00039999998989515007,0.00039999998989515007,9.999998989515004e-05,realized_event_entry_model
1275,284608,284671,2021-04-16 17:47:11+00:00,2021-04-16 17:48:14+00:00,1,upper,63,0.00039999998989515007,0.00039999998989515007,9.999998989515004e-05,realized_event_entry_model
1340,284673,284684,2021-04-16 17:48:16+00:00,2021-04-16 17:48:27+00:00,-1,upper,11,0.00039999998989515007,-0.00039999998989515007,-0.0006999999898951501,realized_event_entry_model
1351,284684,284723,2021-04-16 17:48:27+00:00,2021-04-16 17:49:06+00:00,1,upper,39,0.00039999998989515007,0.00039999998989515007,9.999998989515004e-05,realized_event_entry_model
1392,284725,284727,2021-04-16 17:49:08+00:00,2021-04-16 17:49:10+00:00,-1,upper,2,0.00039999998989515007,-0.00039999998989515007,-0.0006999999898951501,realized_event_entry_model
1394,284727,284740,2021-04-16 17:49:10+00:00,2021-04-16 17:49:23+00:00,1,lower,13,-0.00039999998989515007,-0.00039999998989515007,-0.0006999999898951501,realized_event_entry_model
1424,284757,284820,2021-04-16 17:49:40+00:00,2021-04-16 17:50:43+00:00,1,lower,63,-0.00039999998989515007,-0.00039999998989515007,-0.0006999999898951501,realized_event_entry_model
1489,284822,284827,2021-04-16 17:50:45+00:00,2021-04-16 17:50:50+00:00,1,lower,5,-0.00039999998989515007,-0.00039999998989515007,-0.0006999999898951501,realized_event_entry_model
1505,284838,284851,2021-04-16 17:51:01+00:00,2021-04-16 17:51:14+00:00,1,lower,13,-0.00039999998989515007,-0.00039999998989515007,-0.0006999999898951501,realized_event_entry_model
1538,284871,284886,2021-04-16 17:51:34+00:00,2021-04-16 17:51:49+00:00,1,upper,15,0.00039999998989515007,0.00039999998989515007,9.999998989515004e-05,realized_event_entry_model
1553,284886,284897,2021-04-16 17:51:49+00:00,2021-04-16 17:52:00+00:00,1,upper,11,0.00039999998989515007,0.00039999998989515007,9.999998989515004e-05,realized_event_entry_model
1564,284897,284908,2021-04-16 17:52:00+00:00,2021-04-16 17:52:11+00:00,1,upper,11,0.00039999998989515007,0.00039999998989515007,9.999998989515004e-05,realized_event_entry_model
1575,284908,284920,2021-04-16 17:52:11+00:00,2021-04-16 17:52:23+00:00,1,upper,12,0.00039999998989515007,0.00039999998989515007,9.999998989515004e-05,realized_event_entry_model
1596,284929,284968,2021-04-16 17:52:32+00:00,2021-04-16 17:53:11+00:00,-1,lower,39,-0.00039999998989515007,0.00039999998989515007,9.999998989515004e-05,realized_event_entry_model
1640,284973,285033,2021-04-16 17:53:16+00:00,2021-04-16 17:54:16+00:00,1,lower,60,-0.00039999998989515007,-0.00039999998989515007,-0.0006999999898951501,realized_event_entry_model
1702,285035,285072,2021-04-16 17:54:18+00:00,2021-04-16 17:54:55+00:00,1,upper,37,0.00039999998989515007,0.00039999998989515007,9.999998989515004e-05,realized_event_entry_model
1739,285072,285100,2021-04-16 17:54:55+00:00,2021-04-16 17:55:23+00:00,1,upper,28,0.00039999998989515007,0.00039999998989515007,9.999998989515004e-05,realized_event_entry_model
1767,285100,285165,2021-04-16 17:55:23+00:00,2021-04-16 17:56:28+00:00,1,lower,65,-0.00039999998989515007,-0.00039999998989515007,-0.0006999999898951501,realized_event_entry_model
1837,285170,285192,2021-04-16 17:56:33+00:00,2021-04-16 17:56:55+00:00,1,upper,22,0.00039999998989515007,0.00039999998989515007,9.999998989515004e-05,realized_event_entry_model
1862,285195,285207,2021-04-16 17:56:58+00:00,2021-04-16 17:57:10+00:00,-1,lower,12,-0.00039999998989515007,0.00039999998989515007,9.999998989515004e-05,realized_event_entry_model
1881,285214,285247,2021-04-16 17:57:17+00:00,2021-04-16 17:57:50+00:00,1,upper,33,0.00039999998989515007,0.00039999998989515007,9.999998989515004e-05,realized_event_entry_model
1914,285247,285256,2021-04-16 17:57:50+00:00,2021-04-16 17:57:59+00:00,1,lower,9,-0.00039999998989515007,-0.00039999998989515007,-0.0006999999898951501,realized_event_entry_model
1928,285261,285270,2021-04-16 17:58:04+00:00,2021-04-16 17:58:13+00:00,1,lower,9,-0.00039999998989515007,-0.00039999998989515007,-0.0006999999898951501,realized_event_entry_model
1938,285271,285278,2021-04-16 17:58:14+00:00,2021-04-16 17:58:21+00:00,-1,upper,7,0.00039999998989515007,-0.00039999998989515007,-0.0006999999898951501,realized_event_entry_model
1945,285278,285279,2021-04-16 17:58:21+00:00,2021-04-16 17:58:22+00:00,1,lower,1,-0.0005565241444855928,-0.0005565241444855928,-0.0008565241444855929,realized_event_entry_model
1966,285299,285324,2021-04-16 17:58:42+00:00,2021-04-16 17:59:07+00:00,1,lower,25,-0.0006086415960453451,-0.0006086415960453451,-0.0009086415960453451,realized_event_entry_model
2001,285334,285343,2021-04-16 17:59:17+00:00,2021-04-16 17:59:26+00:00,1,lower,9,-0.00046945607755333185,-0.00046945607755333185,-0.0007694560775533319,realized_event_entry_model
2014,285347,285394,2021-04-16 17:59:30+00:00,2021-04-16 18:00:17+00:00,1,lower,47,-0.0004884538357146084,-0.0004884538357146084,-0.0007884538357146085,realized_event_entry_model
2066,285399,285400,2021-04-16 18:00:22+00:00,2021-04-16 18:00:23+00:00,1,upper,1,0.00039999998989515007,0.00039999998989515007,9.999998989515004e-05,realized_event_entry_model
2067,285400,285415,2021-04-16 18:00:23+00:00,2021-04-16 18:00:38+00:00,1,upper,15,0.00039999998989515007,0.00039999998989515007,9.999998989515004e-05,realized_event_entry_model
2082,285415,285440,2021-04-16 18:00:38+00:00,2021-04-16 18:01:03+00:00,1,upper,25,0.00039999998989515007,0.00039999998989515007,9.999998989515004e-05,realized_event_entry_model
2120,285453,285459,2021-04-16 18:01:16+00:00,2021-04-16 18:01:22+00:00,1,lower,6,-0.00039999998989515007,-0.00039999998989515007,-0.0006999999898951501,realized_event_entry_model
2127,285460,285470,2021-04-16 18:01:23+00:00,2021-04-16 18:01:33+00:00,-1,lower,10,-0.00039999998989515007,0.00039999998989515007,9.999998989515004e-05,realized_event_entry_model
2145,285478,285489,2021-04-16 18:01:41+00:00,2021-04-16 18:01:52+00:00,1,lower,11,-0.00039999998989515007,-0.00039999998989515007,-0.0006999999898951501,realized_event_entry_model
2159,285492,285513,2021-04-16 18:01:55+00:00,2021-04-16 18:02:16+00:00,1,lower,21,-0.00039999998989515007,-0.00039999998989515007,-0.0006999999898951501,realized_event_entry_model
2184,285517,285553,2021-04-16 18:02:20+00:00,2021-04-16 18:02:56+00:00,1,upper,36,0.00039999998989515007,0.00039999998989515007,9.999998989515004e-05,realized_event_entry_model
2236,285569,285593,2021-04-16 18:03:12+00:00,2021-04-16 18:03:36+00:00,1,lower,24,-0.00039999998989515007,-0.00039999998989515007,-0.0006999999898951501,realized_event_entry_model
2261,285594,285609,2021-04-16 18:03:37+00:00,2021-04-16 18:03:52+00:00,1,lower,15,-0.00039999998989515007,-0.00039999998989515007,-0.0006999999898951501,realized_event_entry_model
2277,285610,285619,2021-04-16 18:03:53+00:00,2021-04-16 18:04:02+00:00,1,upper,9,0.00039999998989515007,0.00039999998989515007,9.999998989515004e-05,realized_event_entry_model
2288,285621,285625,2021-04-16 18:04:04+00:00,2021-04-16 18:04:08+00:00,1,lower,4,-0.00041478234925307333,-0.00041478234925307333,-0.0007147823492530734,realized_event_entry_model
2303,285636,285638,2021-04-16 18:04:19+00:00,2021-04-16 18:04:21+00:00,-1,lower,2,-0.00039999998989515007,0.00039999998989515007,9.999998989515004e-05,realized_event_entry_model
2311,285644,285654,2021-04-16 18:04:27+00:00,2021-04-16 18:04:37+00:00,-1,lower,10,-0.00039999998989515007,0.00039999998989515007,9.999998989515004e-05,realized_event_entry_model
2348,285681,285688,2021-04-16 18:05:04+00:00,2021-04-16 18:05:11+00:00,1,upper,7,0.00039999998989515007,0.00039999998989515007,9.999998989515004e-05,realized_event_entry_model
2356,285689,285697,2021-04-16 18:05:12+00:00,2021-04-16 18:05:20+00:00,1,upper,8,0.00039999998989515007,0.00039999998989515007,9.999998989515004e-05,realized_event_entry_model
2369,285702,285728,2021-04-16 18:05:25+00:00,2021-04-16 18:05:51+00:00,-1,lower,26,-0.00039999998989515007,0.00039999998989515007,9.999998989515004e-05,realized_event_entry_model
2400,285733,285750,2021-04-16 18:05:56+00:00,2021-04-16 18:06:13+00:00,1,lower,17,-0.00039999998989515007,-0.00039999998989515007,-0.0006999999898951501,realized_event_entry_model
2418,285751,285758,2021-04-16 18:06:14+00:00,2021-04-16 18:06:21+00:00,1,lower,7,-0.00039999998989515007,-0.00039999998989515007,-0.0006999999898951501,realized_event_entry_model
2426,285759,285765,2021-04-16 18:06:22+00:00,2021-04-16 18:06:28+00:00,1,lower,6,-0.00039999998989515007,-0.00039999998989515007,-0.0006999999898951501,realized_event_entry_model
2434,285767,285797,2021-04-16 18:06:30+00:00,2021-04-16 18:07:00+00:00,1,lower,30,-0.00039999998989515007,-0.00039999998989515007,-0.0006999999898951501,realized_event_entry_model
2486,285819,285829,2021-04-16 18:07:22+00:00,2021-04-16 18:07:32+00:00,-1,upper,10,0.00039999998989515007,-0.00039999998989515007,-0.0006999999898951501,realized_event_entry_model
2521,285854,285858,2021-04-16 18:07:57+00:00,2021-04-16 18:08:01+00:00,1,upper,4,0.0006391573697328568,0.0006391573697328568,0.0003391573697328567,realized_event_entry_model
2525,285858,285862,2021-04-16 18:08:01+00:00,2021-04-16 18:08:05+00:00,1,upper,4,0.0007133103208616376,0.0007133103208616376,0.00041331032086163756,realized_event_entry_model
2529,285862,285866,2021-04-16 18:08:05+00:00,2021-04-16 18:08:09+00:00,1,upper,4,0.0006890078075230122,0.0006890078075230122,0.00038900780752301213,realized_event_entry_model
2533,285866,285875,2021-04-16 18:08:09+00:00,2021-04-16 18:08:18+00:00,1,upper,9,0.0006839204579591751,0.0006839204579591751,0.0003839204579591751,realized_event_entry_model
2544,285877,285882,2021-04-16 18:08:20+00:00,2021-04-16 18:08:25+00:00,1,upper,5,0.0006845352472737432,0.0006845352472737432,0.0003845352472737431,realized_event_entry_model
2549,285882,285885,2021-04-16 18:08:25+00:00,2021-04-16 18:08:28+00:00,1,lower,3,-0.00039999998989515007,-0.00039999998989515007,-0.0006999999898951501,realized_event_entry_model
2553,285886,285909,2021-04-16 18:08:29+00:00,2021-04-16 18:08:52+00:00,1,upper,23,0.000463787087937817,0.000463787087937817,0.00016378708793781695,realized_event_entry_model
2588,285921,285944,2021-04-16 18:09:04+00:00,2021-04-16 18:09:27+00:00,1,upper,23,0.00039999998989515007,0.00039999998989515007,9.999998989515004e-05,realized_event_entry_model
2613,285946,285952,2021-04-16 18:09:29+00:00,2021-04-16 18:09:35+00:00,1,lower,6,-0.00039999998989515007,-0.00039999998989515007,-0.0006999999898951501,realized_event_entry_model
2624,285957,285960,2021-04-16 18:09:40+00:00,2021-04-16 18:09:43+00:00,1,upper,3,0.00039999998989515007,0.00039999998989515007,9.999998989515004e-05,realized_event_entry_model
2627,285960,285962,2021-04-16 18:09:43+00:00,2021-04-16 18:09:45+00:00,1,upper,2,0.00039999998989515007,0.00039999998989515007,9.999998989515004e-05,realized_event_entry_model
2629,285962,285971,2021-04-16 18:09:45+00:00,2021-04-16 18:09:54+00:00,1,upper,9,0.00039999998989515007,0.00039999998989515007,9.999998989515004e-05,realized_event_entry_model
2645,285978,285999,2021-04-16 18:10:01+00:00,2021-04-16 18:10:22+00:00,1,lower,21,-0.00039999998989515007,-0.00039999998989515007,-0.0006999999898951501,realized_event_entry_model
2670,286003,286005,2021-04-16 18:10:26+00:00,2021-04-16 18:10:28+00:00,1,upper,2,0.00039999998989515007,0.00039999998989515007,9.999998989515004e-05,realized_event_entry_model
2672,286005,286024,2021-04-16 18:10:28+00:00,2021-04-16 18:10:47+00:00,1,lower,19,-0.00039999998989515007,-0.00039999998989515007,-0.0006999999898951501,realized_event_entry_model
2693,286026,286030,2021-04-16 18:10:49+00:00,2021-04-16 18:10:53+00:00,1,lower,4,-0.0004003438225481659,-0.0004003438225481659,-0.0007003438225481659,realized_event_entry_model
2706,286039,286048,2021-04-16 18:11:02+00:00,2021-04-16 18:11:11+00:00,1,upper,9,0.00039999998989515007,0.00039999998989515007,9.999998989515004e-05,realized_event_entry_model
2720,286053,286058,2021-04-16 18:11:16+00:00,2021-04-16 18:11:21+00:00,1,lower,5,-0.00039999998989515007,-0.00039999998989515007,-0.0006999999898951501,realized_event_entry_model
2747,286080,286093,2021-04-16 18:11:43+00:00,2021-04-16 18:11:56+00:00,1,lower,13,-0.00039999998989515007,-0.00039999998989515007,-0.0006999999898951501,realized_event_entry_model
2766,286099,286116,2021-04-16 18:12:02+00:00,2021-04-16 18:12:19+00:00,-1,lower,17,-0.00039999998989515007,0.00039999998989515007,9.999998989515004e-05,realized_event_entry_model
2789,286122,286150,2021-04-16 18:12:25+00:00,2021-04-16 18:12:53+00:00,1,lower,28,-0.00039999998989515007,-0.00039999998989515007,-0.0006999999898951501,realized_event_entry_model
2831,286164,286188,2021-04-16 18:13:07+00:00,2021-04-16 18:13:31+00:00,1,upper,24,0.00039999998989515007,0.00039999998989515007,9.999998989515004e-05,realized_event_entry_model
2855,286188,286204,2021-04-16 18:13:31+00:00,2021-04-16 18:13:47+00:00,1,upper,16,0.00039999998989515007,0.00039999998989515007,9.999998989515004e-05,realized_event_entry_model
2871,286204,286205,2021-04-16 18:13:47+00:00,2021-04-16 18:13:48+00:00,1,upper,1,0.00039999998989515007,0.00039999998989515007,9.999998989515004e-05,realized_event_entry_model
2872,286205,286219,2021-04-16 18:13:48+00:00,2021-04-16 18:14:02+00:00,1,upper,14,0.00039999998989515007,0.00039999998989515007,9.999998989515004e-05,realized_event_entry_model
2888,286221,286228,2021-04-16 18:14:04+00:00,2021-04-16 18:14:11+00:00,-1,lower,7,-0.00039999998989515007,0.00039999998989515007,9.999998989515004e-05,realized_event_entry_model
2917,286250,286269,2021-04-16 18:14:33+00:00,2021-04-16 18:14:52+00:00,-1,lower,19,-0.00039999998989515007,0.00039999998989515007,9.999998989515004e-05,realized_event_entry_model
2941,286274,286319,2021-04-16 18:14:57+00:00,2021-04-16 18:15:42+00:00,1,lower,45,-0.00039999998989515007,-0.00039999998989515007,-0.0006999999898951501,realized_event_entry_model
2995,286328,286343,2021-04-16 18:15:51+00:00,2021-04-16 18:16:06+00:00,-1,upper,15,0.00039999998989515007,-0.00039999998989515007,-0.0006999999898951501,realized_event_entry_model
3010,286343,286349,2021-04-16 18:16:06+00:00,2021-04-16 18:16:12+00:00,1,upper,6,0.00039999998989515007,0.00039999998989515007,9.999998989515004e-05,realized_event_entry_model
3016,286349,286363,2021-04-16 18:16:12+00:00,2021-04-16 18:16:26+00:00,1,upper,14,0.00039999998989515007,0.00039999998989515007,9.999998989515004e-05,realized_event_entry_model
3030,286363,286378,2021-04-16 18:16:26+00:00,2021-04-16 18:16:41+00:00,1,upper,15,0.00039999998989515007,0.00039999998989515007,9.999998989515004e-05,realized_event_entry_model
3048,286381,286384,2021-04-16 18:16:44+00:00,2021-04-16 18:16:47+00:00,-1,lower,3,-0.00039999998989515007,0.00039999998989515007,9.999998989515004e-05,realized_event_entry_model
3065,286398,286413,2021-04-16 18:17:01+00:00,2021-04-16 18:17:16+00:00,1,upper,15,0.00039999998989515007,0.00039999998989515007,9.999998989515004e-05,realized_event_entry_model
3106,286439,286447,2021-04-16 18:17:42+00:00,2021-04-16 18:17:50+00:00,1,lower,8,-0.00039999998989515007,-0.00039999998989515007,-0.0006999999898951501,realized_event_entry_model
3133,286466,286471,2021-04-16 18:18:09+00:00,2021-04-16 18:18:14+00:00,1,upper,5,0.00039999998989515007,0.00039999998989515007,9.999998989515004e-05,realized_event_entry_model
3138,286471,286475,2021-04-16 18:18:14+00:00,2021-04-16 18:18:18+00:00,1,upper,4,0.00039999998989515007,0.00039999998989515007,9.999998989515004e-05,realized_event_entry_model
3142,286475,286486,2021-04-16 18:18:18+00:00,2021-04-16 18:18:29+00:00,1,upper,11,0.00039999998989515007,0.00039999998989515007,9.999998989515004e-05,realized_event_entry_model
3154,286487,286510,2021-04-16 18:18:30+00:00,2021-04-16 18:18:53+00:00,1,lower,23,-0.00039999998989515007,-0.00039999998989515007,-0.0006999999898951501,realized_event_entry_model
3180,286513,286518,2021-04-16 18:18:56+00:00,2021-04-16 18:19:01+00:00,1,lower,5,-0.00039999998989515007,-0.00039999998989515007,-0.0006999999898951501,realized_event_entry_model
3202,286535,286556,2021-04-16 18:19:18+00:00,2021-04-16 18:19:39+00:00,1,lower,21,-0.0005124232266098261,-0.0005124232266098261,-0.0008124232266098261,realized_event_entry_model
3230,286563,286568,2021-04-16 18:19:46+00:00,2021-04-16 18:19:51+00:00,1,upper,5,0.00039999998989515007,0.00039999998989515007,9.999998989515004e-05,realized_event_entry_model
3235,286568,286624,2021-04-16 18:19:51+00:00,2021-04-16 18:20:47+00:00,1,upper,56,0.00039999998989515007,0.00039999998989515007,9.999998989515004e-05,realized_event_entry_model
3291,286624,286626,2021-04-16 18:20:47+00:00,2021-04-16 18:20:49+00:00,1,upper,2,0.00039999998989515007,0.00039999998989515007,9.999998989515004e-05,realized_event_entry_model
3294,286627,286630,2021-04-16 18:20:50+00:00,2021-04-16 18:20:53+00:00,1,upper,3,0.00039999998989515007,0.00039999998989515007,9.999998989515004e-05,realized_event_entry_model
3299,286632,286636,2021-04-16 18:20:55+00:00,2021-04-16 18:20:59+00:00,1,lower,4,-0.00039999998989515007,-0.00039999998989515007,-0.0006999999898951501,realized_event_entry_model
3305,286638,286640,2021-04-16 18:21:01+00:00,2021-04-16 18:21:03+00:00,1,upper,2,0.00039999998989515007,0.00039999998989515007,9.999998989515004e-05,realized_event_entry_model
3315,286648,286650,2021-04-16 18:21:11+00:00,2021-04-16 18:21:13+00:00,1,upper,2,0.00039999998989515007,0.00039999998989515007,9.999998989515004e-05,realized_event_entry_model
3317,286650,286657,2021-04-16 18:21:13+00:00,2021-04-16 18:21:20+00:00,1,lower,7,-0.00039999998989515007,-0.00039999998989515007,-0.0006999999898951501,realized_event_entry_model
3324,286657,286666,2021-04-16 18:21:20+00:00,2021-04-16 18:21:29+00:00,-1,lower,9,-0.00039999998989515007,0.00039999998989515007,9.999998989515004e-05,realized_event_entry_model
3341,286674,286675,2021-04-16 18:21:37+00:00,2021-04-16 18:21:38+00:00,1,upper,1,0.00039999998989515007,0.00039999998989515007,9.999998989515004e-05,realized_event_entry_model
3342,286675,286685,2021-04-16 18:21:38+00:00,2021-04-16 18:21:48+00:00,1,lower,10,-0.00039999998989515007,-0.00039999998989515007,-0.0006999999898951501,realized_event_entry_model
3352,286685,286686,2021-04-16 18:21:48+00:00,2021-04-16 18:21:49+00:00,-1,lower,1,-0.00039999998989515007,0.00039999998989515007,9.999998989515004e-05,realized_event_entry_model
3355,286688,286698,2021-04-16 18:21:51+00:00,2021-04-16 18:22:01+00:00,1,lower,10,-0.00039999998989515007,-0.00039999998989515007,-0.0006999999898951501,realized_event_entry_model
3367,286700,286709,2021-04-16 18:22:03+00:00,2021-04-16 18:22:12+00:00,1,upper,9,0.00039999998989515007,0.00039999998989515007,9.999998989515004e-05,realized_event_entry_model
3379,286712,286736,2021-04-16 18:22:15+00:00,2021-04-16 18:22:39+00:00,1,upper,24,0.00039999998989515007,0.00039999998989515007,9.999998989515004e-05,realized_event_entry_model
3403,286736,286761,2021-04-16 18:22:39+00:00,2021-04-16 18:23:04+00:00,1,upper,25,0.00039999998989515007,0.00039999998989515007,9.999998989515004e-05,realized_event_entry_model
3428,286761,286768,2021-04-16 18:23:04+00:00,2021-04-16 18:23:11+00:00,1,upper,7,0.00039999998989515007,0.00039999998989515007,9.999998989515004e-05,realized_event_entry_model
3435,286768,286772,2021-04-16 18:23:11+00:00,2021-04-16 18:23:15+00:00,1,upper,4,0.00039999998989515007,0.00039999998989515007,9.999998989515004e-05,realized_event_entry_model
3439,286772,286786,2021-04-16 18:23:15+00:00,2021-04-16 18:23:29+00:00,1,upper,14,0.00039999998989515007,0.00039999998989515007,9.999998989515004e-05,realized_event_entry_model
3453,286786,286793,2021-04-16 18:23:29+00:00,2021-04-16 18:23:36+00:00,1,lower,7,-0.00039999998989515007,-0.00039999998989515007,-0.0006999999898951501,realized_event_entry_model
3468,286801,286819,2021-04-16 18:23:44+00:00,2021-04-16 18:24:02+00:00,1,lower,18,-0.00039999998989515007,-0.00039999998989515007,-0.0006999999898951501,realized_event_entry_model
3495,286828,286829,2021-04-16 18:24:11+00:00,2021-04-16 18:24:12+00:00,1,upper,1,0.00039999998989515007,0.00039999998989515007,9.999998989515004e-05,realized_event_entry_model
3496,286829,286831,2021-04-16 18:24:12+00:00,2021-04-16 18:24:14+00:00,1,upper,2,0.00039999998989515007,0.00039999998989515007,9.999998989515004e-05,realized_event_entry_model
3498,286831,286842,2021-04-16 18:24:14+00:00,2021-04-16 18:24:25+00:00,1,lower,11,-0.00039999998989515007,-0.00039999998989515007,-0.0006999999898951501,realized_event_entry_model
3513,286846,286848,2021-04-16 18:24:29+00:00,2021-04-16 18:24:31+00:00,1,lower,2,-0.00039999998989515007,-0.00039999998989515007,-0.0006999999898951501,realized_event_entry_model
3517,286850,286876,2021-04-16 18:24:33+00:00,2021-04-16 18:24:59+00:00,1,upper,26,0.00044470003922469914,0.00044470003922469914,0.0001447000392246991,realized_event_entry_model
3543,286876,286877,2021-04-16 18:24:59+00:00,2021-04-16 18:25:00+00:00,1,upper,1,0.00039999998989515007,0.00039999998989515007,9.999998989515004e-05,realized_event_entry_model
3545,286878,286894,2021-04-16 18:25:01+00:00,2021-04-16 18:25:17+00:00,1,lower,16,-0.00039999998989515007,-0.00039999998989515007,-0.0006999999898951501,realized_event_entry_model
3574,286907,286918,2021-04-16 18:25:30+00:00,2021-04-16 18:25:41+00:00,1,upper,11,0.00039999998989515007,0.00039999998989515007,9.999998989515004e-05,realized_event_entry_model
3585,286918,286930,2021-04-16 18:25:41+00:00,2021-04-16 18:25:53+00:00,1,upper,12,0.00039999998989515007,0.00039999998989515007,9.999998989515004e-05,realized_event_entry_model
3597,286930,286932,2021-04-16 18:25:53+00:00,2021-04-16 18:25:55+00:00,1,upper,2,0.00039999998989515007,0.00039999998989515007,9.999998989515004e-05,realized_event_entry_model
3599,286932,286942,2021-04-16 18:25:55+00:00,2021-04-16 18:26:05+00:00,1,lower,10,-0.00039999998989515007,-0.00039999998989515007,-0.0006999999898951501,realized_event_entry_model
3610,286943,286945,2021-04-16 18:26:06+00:00,2021-04-16 18:26:08+00:00,1,upper,2,0.00039999998989515007,0.00039999998989515007,9.999998989515004e-05,realized_event_entry_model
3612,286945,286972,2021-04-16 18:26:08+00:00,2021-04-16 18:26:35+00:00,1,upper,27,0.00039999998989515007,0.00039999998989515007,9.999998989515004e-05,realized_event_entry_model
3639,286972,287013,2021-04-16 18:26:35+00:00,2021-04-16 18:27:16+00:00,1,lower,41,-0.00039999998989515007,-0.00039999998989515007,-0.0006999999898951501,realized_event_entry_model
3686,287019,287029,2021-04-16 18:27:22+00:00,2021-04-16 18:27:32+00:00,1,lower,10,-0.00039999998989515007,-0.00039999998989515007,-0.0006999999898951501,realized_event_entry_model
3708,287041,287045,2021-04-16 18:27:44+00:00,2021-04-16 18:27:48+00:00,1,lower,4,-0.00039999998989515007,-0.00039999998989515007,-0.0006999999898951501,realized_event_entry_model
3731,287064,287067,2021-04-16 18:28:07+00:00,2021-04-16 18:28:10+00:00,1,upper,3,0.00039999998989515007,0.00039999998989515007,9.999998989515004e-05,realized_event_entry_model
3740,287073,287123,2021-04-16 18:28:16+00:00,2021-04-16 18:29:06+00:00,1,lower,50,-0.00039999998989515007,-0.00039999998989515007,-0.0006999999898951501,realized_event_entry_model
3812,287145,287176,2021-04-16 18:29:28+00:00,2021-04-16 18:29:59+00:00,-1,lower,31,-0.00039999998989515007,0.00039999998989515007,9.999998989515004e-05,realized_event_entry_model
3846,287179,287182,2021-04-16 18:30:02+00:00,2021-04-16 18:30:05+00:00,1,upper,3,0.00039999998989515007,0.00039999998989515007,9.999998989515004e-05,realized_event_entry_model
3850,287183,287185,2021-04-16 18:30:06+00:00,2021-04-16 18:30:08+00:00,1,upper,2,0.00039999998989515007,0.00039999998989515007,9.999998989515004e-05,realized_event_entry_model
3852,287185,287208,2021-04-16 18:30:08+00:00,2021-04-16 18:30:31+00:00,1,upper,23,0.00039999998989515007,0.00039999998989515007,9.999998989515004e-05,realized_event_entry_model
3875,287208,287213,2021-04-16 18:30:31+00:00,2021-04-16 18:30:36+00:00,1,lower,5,-0.00039999998989515007,-0.00039999998989515007,-0.0006999999898951501,realized_event_entry_model
3884,287217,287224,2021-04-16 18:30:40+00:00,2021-04-16 18:30:47+00:00,1,upper,7,0.00039999998989515007,0.00039999998989515007,9.999998989515004e-05,realized_event_entry_model
3891,287224,287274,2021-04-16 18:30:47+00:00,2021-04-16 18:31:37+00:00,1,upper,50,0.00039999998989515007,0.00039999998989515007,9.999998989515004e-05,realized_event_entry_model
3956,287289,287314,2021-04-16 18:31:52+00:00,2021-04-16 18:32:17+00:00,1,lower,25,-0.00039999998989515007,-0.00039999998989515007,-0.0006999999898951501,realized_event_entry_model
3987,287320,287349,2021-04-16 18:32:23+00:00,2021-04-16 18:32:52+00:00,-1,upper,29,0.00039999998989515007,-0.00039999998989515007,-0.0006999999898951501,realized_event_entry_model
4018,287351,287367,2021-04-16 18:32:54+00:00,2021-04-16 18:33:10+00:00,-1,upper,16,0.00039999998989515007,-0.00039999998989515007,-0.0006999999898951501,realized_event_entry_model
4038,287371,287405,2021-04-16 18:33:14+00:00,2021-04-16 18:33:48+00:00,-1,upper,34,0.00039999998989515007,-0.00039999998989515007,-0.0006999999898951501,realized_event_entry_model
4073,287406,287408,2021-04-16 18:33:49+00:00,2021-04-16 18:33:51+00:00,1,upper,2,0.00039999998989515007,0.00039999998989515007,9.999998989515004e-05,realized_event_entry_model
4075,287408,287472,2021-04-16 18:33:51+00:00,2021-04-16 18:34:55+00:00,1,lower,64,-0.00039999998989515007,-0.00039999998989515007,-0.0006999999898951501,realized_event_entry_model
4146,287479,287485,2021-04-16 18:35:02+00:00,2021-04-16 18:35:08+00:00,1,upper,6,0.00039999998989515007,0.00039999998989515007,9.999998989515004e-05,realized_event_entry_model
4154,287487,287515,2021-04-16 18:35:10+00:00,2021-04-16 18:35:38+00:00,1,upper,28,0.00039999998989515007,0.00039999998989515007,9.999998989515004e-05,realized_event_entry_model
4183,287516,287532,2021-04-16 18:35:39+00:00,2021-04-16 18:35:55+00:00,1,lower,16,-0.00039999998989515007,-0.00039999998989515007,-0.0006999999898951501,realized_event_entry_model
4201,287534,287565,2021-04-16 18:35:57+00:00,2021-04-16 18:36:28+00:00,1,lower,31,-0.00039999998989515007,-0.00039999998989515007,-0.0006999999898951501,realized_event_entry_model
4236,287569,287575,2021-04-16 18:36:32+00:00,2021-04-16 18:36:38+00:00,1,upper,6,0.00039999998989515007,0.00039999998989515007,9.999998989515004e-05,realized_event_entry_model
4242,287575,287603,2021-04-16 18:36:38+00:00,2021-04-16 18:37:06+00:00,1,lower,28,-0.00039999998989515007,-0.00039999998989515007,-0.0006999999898951501,realized_event_entry_model
4272,287605,287609,2021-04-16 18:37:08+00:00,2021-04-16 18:37:12+00:00,-1,lower,4,-0.00039999998989515007,0.00039999998989515007,9.999998989515004e-05,realized_event_entry_model
4278,287611,287615,2021-04-16 18:37:14+00:00,2021-04-16 18:37:18+00:00,1,upper,4,0.00039999998989515007,0.00039999998989515007,9.999998989515004e-05,realized_event_entry_model
4282,287615,287631,2021-04-16 18:37:18+00:00,2021-04-16 18:37:34+00:00,1,upper,16,0.00039999998989515007,0.00039999998989515007,9.999998989515004e-05,realized_event_entry_model
4298,287631,287634,2021-04-16 18:37:34+00:00,2021-04-16 18:37:37+00:00,1,upper,3,0.00039999998989515007,0.00039999998989515007,9.999998989515004e-05,realized_event_entry_model
4301,287634,287669,2021-04-16 18:37:37+00:00,2021-04-16 18:38:12+00:00,1,upper,35,0.00039999998989515007,0.00039999998989515007,9.999998989515004e-05,realized_event_entry_model
4339,287672,287681,2021-04-16 18:38:15+00:00,2021-04-16 18:38:24+00:00,-1,lower,9,-0.00039999998989515007,0.00039999998989515007,9.999998989515004e-05,realized_event_entry_model
4359,287692,287725,2021-04-16 18:38:35+00:00,2021-04-16 18:39:08+00:00,-1,lower,33,-0.00039999998989515007,0.00039999998989515007,9.999998989515004e-05,realized_event_entry_model
4402,287735,287746,2021-04-16 18:39:18+00:00,2021-04-16 18:39:29+00:00,1,lower,11,-0.00039999998989515007,-0.00039999998989515007,-0.0006999999898951501,realized_event_entry_model
4414,287747,287769,2021-04-16 18:39:30+00:00,2021-04-16 18:39:52+00:00,1,upper,22,0.00039999998989515007,0.00039999998989515007,9.999998989515004e-05,realized_event_entry_model
4436,287769,287770,2021-04-16 18:39:52+00:00,2021-04-16 18:39:53+00:00,1,lower,1,-0.00039999998989515007,-0.00039999998989515007,-0.0006999999898951501,realized_event_entry_model
4456,287789,287795,2021-04-16 18:40:12+00:00,2021-04-16 18:40:18+00:00,1,upper,6,0.00039999998989515007,0.00039999998989515007,9.999998989515004e-05,realized_event_entry_model
4462,287795,287798,2021-04-16 18:40:18+00:00,2021-04-16 18:40:21+00:00,1,upper,3,0.00039999998989515007,0.00039999998989515007,9.999998989515004e-05,realized_event_entry_model
4465,287798,287828,2021-04-16 18:40:21+00:00,2021-04-16 18:40:51+00:00,1,lower,30,-0.00039999998989515007,-0.00039999998989515007,-0.0006999999898951501,realized_event_entry_model
4497,287830,287901,2021-04-16 18:40:53+00:00,2021-04-16 18:42:04+00:00,1,upper,71,0.00039999998989515007,0.00039999998989515007,9.999998989515004e-05,realized_event_entry_model
4568,287901,287921,2021-04-16 18:42:04+00:00,2021-04-16 18:42:24+00:00,1,upper,20,0.00039999998989515007,0.00039999998989515007,9.999998989515004e-05,realized_event_entry_model
4588,287921,287945,2021-04-16 18:42:24+00:00,2021-04-16 18:42:48+00:00,1,upper,24,0.00039999998989515007,0.00039999998989515007,9.999998989515004e-05,realized_event_entry_model
4612,287945,287956,2021-04-16 18:42:48+00:00,2021-04-16 18:42:59+00:00,1,upper,11,0.00039999998989515007,0.00039999998989515007,9.999998989515004e-05,realized_event_entry_model
4624,287957,287961,2021-04-16 18:43:00+00:00,2021-04-16 18:43:04+00:00,1,lower,4,-0.00039999998989515007,-0.00039999998989515007,-0.0006999999898951501,realized_event_entry_model
4630,287963,287979,2021-04-16 18:43:06+00:00,2021-04-16 18:43:22+00:00,1,upper,16,0.00039999998989515007,0.00039999998989515007,9.999998989515004e-05,realized_event_entry_model
4646,287979,287999,2021-04-16 18:43:22+00:00,2021-04-16 18:43:42+00:00,1,upper,20,0.00039999998989515007,0.00039999998989515007,9.999998989515004e-05,realized_event_entry_model
4668,288001,288026,2021-04-16 18:43:44+00:00,2021-04-16 18:44:09+00:00,1,lower,25,-0.00039999998989515007,-0.00039999998989515007,-0.0006999999898951501,realized_event_entry_model
4728,288061,288110,2021-04-16 18:44:44+00:00,2021-04-16 18:45:33+00:00,1,upper,49,0.00039999998989515007,0.00039999998989515007,9.999998989515004e-05,realized_event_entry_model
4777,288110,288113,2021-04-16 18:45:33+00:00,2021-04-16 18:45:36+00:00,1,upper,3,0.00039999998989515007,0.00039999998989515007,9.999998989515004e-05,realized_event_entry_model
4787,288120,288148,2021-04-16 18:45:43+00:00,2021-04-16 18:46:11+00:00,1,upper,28,0.00039999998989515007,0.00039999998989515007,9.999998989515004e-05,realized_event_entry_model
4816,288149,288176,2021-04-16 18:46:12+00:00,2021-04-16 18:46:39+00:00,1,upper,27,0.00039999998989515007,0.00039999998989515007,9.999998989515004e-05,realized_event_entry_model
4844,288177,288191,2021-04-16 18:46:40+00:00,2021-04-16 18:46:54+00:00,1,lower,14,-0.00039999998989515007,-0.00039999998989515007,-0.0006999999898951501,realized_event_entry_model
4872,288205,288212,2021-04-16 18:47:08+00:00,2021-04-16 18:47:15+00:00,1,upper,7,0.00039999998989515007,0.00039999998989515007,9.999998989515004e-05,realized_event_entry_model
4879,288212,288222,2021-04-16 18:47:15+00:00,2021-04-16 18:47:25+00:00,1,upper,10,0.00039999998989515007,0.00039999998989515007,9.999998989515004e-05,realized_event_entry_model
4894,288227,288267,2021-04-16 18:47:30+00:00,2021-04-16 18:48:10+00:00,-1,upper,40,0.00039999998989515007,-0.00039999998989515007,-0.0006999999898951501,realized_event_entry_model
4937,288270,288375,2021-04-16 18:48:13+00:00,2021-04-16 18:49:58+00:00,1,lower,105,-0.00039999998989515007,-0.00039999998989515007,-0.0006999999898951501,realized_event_entry_model
5043,288376,288388,2021-04-16 18:49:59+00:00,2021-04-16 18:50:11+00:00,1,upper,12,0.00039999998989515007,0.00039999998989515007,9.999998989515004e-05,realized_event_entry_model
5055,288388,288408,2021-04-16 18:50:11+00:00,2021-04-16 18:50:31+00:00,1,upper,20,0.00039999998989515007,0.00039999998989515007,9.999998989515004e-05,realized_event_entry_model
5075,288408,288421,2021-04-16 18:50:31+00:00,2021-04-16 18:50:44+00:00,1,upper,13,0.00039999998989515007,0.00039999998989515007,9.999998989515004e-05,realized_event_entry_model
5114,288447,288505,2021-04-16 18:51:10+00:00,2021-04-16 18:52:08+00:00,-1,upper,58,0.00039999998989515007,-0.00039999998989515007,-0.0006999999898951501,realized_event_entry_model
5172,288505,288507,2021-04-16 18:52:08+00:00,2021-04-16 18:52:10+00:00,1,lower,2,-0.00039999998989515007,-0.00039999998989515007,-0.0006999999898951501,realized_event_entry_model
5176,288509,288528,2021-04-16 18:52:12+00:00,2021-04-16 18:52:31+00:00,1,upper,19,0.00039999998989515007,0.00039999998989515007,9.999998989515004e-05,realized_event_entry_model
5196,288529,288614,2021-04-16 18:52:32+00:00,2021-04-16 18:53:57+00:00,1,upper,85,0.00039999998989515007,0.00039999998989515007,9.999998989515004e-05,realized_event_entry_model
5288,288621,288631,2021-04-16 18:54:04+00:00,2021-04-16 18:54:14+00:00,1,upper,10,0.00039999998989515007,0.00039999998989515007,9.999998989515004e-05,realized_event_entry_model
5306,288639,288661,2021-04-16 18:54:22+00:00,2021-04-16 18:54:44+00:00,1,lower,22,-0.00039999998989515007,-0.00039999998989515007,-0.0006999999898951501,realized_event_entry_model
5329,288662,288759,2021-04-16 18:54:45+00:00,2021-04-16 18:56:22+00:00,1,upper,97,0.00039999998989515007,0.00039999998989515007,9.999998989515004e-05,realized_event_entry_model
5426,288759,288772,2021-04-16 18:56:22+00:00,2021-04-16 18:56:35+00:00,1,upper,13,0.00039999998989515007,0.00039999998989515007,9.999998989515004e-05,realized_event_entry_model
5443,288776,288804,2021-04-16 18:56:39+00:00,2021-04-16 18:57:07+00:00,1,lower,28,-0.00039999998989515007,-0.00039999998989515007,-0.0006999999898951501,realized_event_entry_model
5474,288807,288816,2021-04-16 18:57:10+00:00,2021-04-16 18:57:19+00:00,1,upper,9,0.00039999998989515007,0.00039999998989515007,9.999998989515004e-05,realized_event_entry_model
5483,288816,288818,2021-04-16 18:57:19+00:00,2021-04-16 18:57:21+00:00,1,lower,2,-0.00039999998989515007,-0.00039999998989515007,-0.0006999999898951501,realized_event_entry_model
5490,288823,288831,2021-04-16 18:57:26+00:00,2021-04-16 18:57:34+00:00,1,lower,8,-0.00039999998989515007,-0.00039999998989515007,-0.0006999999898951501,realized_event_entry_model
5500,288833,288836,2021-04-16 18:57:36+00:00,2021-04-16 18:57:39+00:00,1,upper,3,0.00039999998989515007,0.00039999998989515007,9.999998989515004e-05,realized_event_entry_model
5508,288841,288867,2021-04-16 18:57:44+00:00,2021-04-16 18:58:10+00:00,1,upper,26,0.00039999998989515007,0.00039999998989515007,9.999998989515004e-05,realized_event_entry_model
5534,288867,288870,2021-04-16 18:58:10+00:00,2021-04-16 18:58:13+00:00,1,lower,3,-0.00039999998989515007,-0.00039999998989515007,-0.0006999999898951501,realized_event_entry_model
5538,288871,288875,2021-04-16 18:58:14+00:00,2021-04-16 18:58:18+00:00,1,lower,4,-0.00039999998989515007,-0.00039999998989515007,-0.0006999999898951501,realized_event_entry_model
5543,288876,288878,2021-04-16 18:58:19+00:00,2021-04-16 18:58:21+00:00,1,upper,2,0.00039999998989515007,0.00039999998989515007,9.999998989515004e-05,realized_event_entry_model
5545,288878,288886,2021-04-16 18:58:21+00:00,2021-04-16 18:58:29+00:00,1,lower,8,-0.00039999998989515007,-0.00039999998989515007,-0.0006999999898951501,realized_event_entry_model
5555,288888,288890,2021-04-16 18:58:31+00:00,2021-04-16 18:58:33+00:00,-1,lower,2,-0.00039999998989515007,0.00039999998989515007,9.999998989515004e-05,realized_event_entry_model
5557,288890,288891,2021-04-16 18:58:33+00:00,2021-04-16 18:58:34+00:00,1,upper,1,0.0004084432730451226,0.0004084432730451226,0.0001084432730451226,realized_event_entry_model
5558,288891,288896,2021-04-16 18:58:34+00:00,2021-04-16 18:58:39+00:00,1,upper,5,0.0004331320524215698,0.0004331320524215698,0.0001331320524215698,realized_event_entry_model
5568,288901,288926,2021-04-16 18:58:44+00:00,2021-04-16 18:59:09+00:00,1,lower,25,-0.00041231655632145703,-0.00041231655632145703,-0.0007123165563214571,realized_event_entry_model
5596,288929,288941,2021-04-16 18:59:12+00:00,2021-04-16 18:59:24+00:00,1,lower,12,-0.00039999998989515007,-0.00039999998989515007,-0.0006999999898951501,realized_event_entry_model
5612,288945,288951,2021-04-16 18:59:28+00:00,2021-04-16 18:59:34+00:00,1,upper,6,0.00039999998989515007,0.00039999998989515007,9.999998989515004e-05,realized_event_entry_model
5621,288954,288962,2021-04-16 18:59:37+00:00,2021-04-16 18:59:45+00:00,1,upper,8,0.00039999998989515007,0.00039999998989515007,9.999998989515004e-05,realized_event_entry_model
5629,288962,288968,2021-04-16 18:59:45+00:00,2021-04-16 18:59:51+00:00,1,upper,6,0.00039999998989515007,0.00039999998989515007,9.999998989515004e-05,realized_event_entry_model
5641,288974,288984,2021-04-16 18:59:57+00:00,2021-04-16 19:00:07+00:00,-1,upper,10,0.00039999998989515007,-0.00039999998989515007,-0.0006999999898951501,realized_event_entry_model
5651,288984,288986,2021-04-16 19:00:07+00:00,2021-04-16 19:00:09+00:00,1,upper,2,0.00039999998989515007,0.00039999998989515007,9.999998989515004e-05,realized_event_entry_model
5653,288986,289007,2021-04-16 19:00:09+00:00,2021-04-16 19:00:30+00:00,1,lower,21,-0.00039999998989515007,-0.00039999998989515007,-0.0006999999898951501,realized_event_entry_model
5682,289015,289030,2021-04-16 19:00:38+00:00,2021-04-16 19:00:53+00:00,-1,lower,15,-0.00039999998989515007,0.00039999998989515007,9.999998989515004e-05,realized_event_entry_model
5698,289031,289041,2021-04-16 19:00:54+00:00,2021-04-16 19:01:04+00:00,1,upper,10,0.00039999998989515007,0.00039999998989515007,9.999998989515004e-05,realized_event_entry_model
5708,289041,289044,2021-04-16 19:01:04+00:00,2021-04-16 19:01:07+00:00,1,upper,3,0.00039999998989515007,0.00039999998989515007,9.999998989515004e-05,realized_event_entry_model
5711,289044,289052,2021-04-16 19:01:07+00:00,2021-04-16 19:01:15+00:00,1,upper,8,0.00039999998989515007,0.00039999998989515007,9.999998989515004e-05,realized_event_entry_model
5730,289063,289077,2021-04-16 19:01:26+00:00,2021-04-16 19:01:40+00:00,1,lower,14,-0.00039999998989515007,-0.00039999998989515007,-0.0006999999898951501,realized_event_entry_model
5749,289082,289105,2021-04-16 19:01:45+00:00,2021-04-16 19:02:08+00:00,1,lower,23,-0.00039999998989515007,-0.00039999998989515007,-0.0006999999898951501,realized_event_entry_model
5773,289106,289127,2021-04-16 19:02:09+00:00,2021-04-16 19:02:30+00:00,1,lower,21,-0.00039999998989515007,-0.00039999998989515007,-0.0006999999898951501,realized_event_entry_model
5796,289129,289137,2021-04-16 19:02:32+00:00,2021-04-16 19:02:40+00:00,1,lower,8,-0.00039999998989515007,-0.00039999998989515007,-0.0006999999898951501,realized_event_entry_model
5805,289138,289167,2021-04-16 19:02:41+00:00,2021-04-16 19:03:10+00:00,1,lower,29,-0.00039999998989515007,-0.00039999998989515007,-0.0006999999898951501,realized_event_entry_model
5838,289171,289183,2021-04-16 19:03:14+00:00,2021-04-16 19:03:26+00:00,1,lower,12,-0.00039999998989515007,-0.00039999998989515007,-0.0006999999898951501,realized_event_entry_model
5860,289193,289210,2021-04-16 19:03:36+00:00,2021-04-16 19:03:53+00:00,1,upper,17,0.00039999998989515007,0.00039999998989515007,9.999998989515004e-05,realized_event_entry_model
5880,289213,289245,2021-04-16 19:03:56+00:00,2021-04-16 19:04:28+00:00,1,upper,32,0.00039999998989515007,0.00039999998989515007,9.999998989515004e-05,realized_event_entry_model
5912,289245,289268,2021-04-16 19:04:28+00:00,2021-04-16 19:04:51+00:00,1,lower,23,-0.00039999998989515007,-0.00039999998989515007,-0.0006999999898951501,realized_event_entry_model
5937,289270,289273,2021-04-16 19:04:53+00:00,2021-04-16 19:04:56+00:00,-1,lower,3,-0.00039999998989515007,0.00039999998989515007,9.999998989515004e-05,realized_event_entry_model
5942,289275,289284,2021-04-16 19:04:58+00:00,2021-04-16 19:05:07+00:00,1,upper,9,0.00039999998989515007,0.00039999998989515007,9.999998989515004e-05,realized_event_entry_model
5954,289287,289289,2021-04-16 19:05:10+00:00,2021-04-16 19:05:12+00:00,1,upper,2,0.00039999998989515007,0.00039999998989515007,9.999998989515004e-05,realized_event_entry_model
5956,289289,289300,2021-04-16 19:05:12+00:00,2021-04-16 19:05:23+00:00,1,lower,11,-0.00039999998989515007,-0.00039999998989515007,-0.0006999999898951501,realized_event_entry_model
5993,289326,289332,2021-04-16 19:05:49+00:00,2021-04-16 19:05:55+00:00,1,upper,6,0.00039999998989515007,0.00039999998989515007,9.999998989515004e-05,realized_event_entry_model
5999,289332,289340,2021-04-16 19:05:55+00:00,2021-04-16 19:06:03+00:00,1,lower,8,-0.00039999998989515007,-0.00039999998989515007,-0.0006999999898951501,realized_event_entry_model
6011,289344,289365,2021-04-16 19:06:07+00:00,2021-04-16 19:06:28+00:00,1,upper,21,0.00039999998989515007,0.00039999998989515007,9.999998989515004e-05,realized_event_entry_model
6049,289382,289403,2021-04-16 19:06:45+00:00,2021-04-16 19:07:06+00:00,-1,upper,21,0.00039999998989515007,-0.00039999998989515007,-0.0006999999898951501,realized_event_entry_model
6070,289403,289408,2021-04-16 19:07:06+00:00,2021-04-16 19:07:11+00:00,1,upper,5,0.00039999998989515007,0.00039999998989515007,9.999998989515004e-05,realized_event_entry_model
6087,289420,289428,2021-04-16 19:07:23+00:00,2021-04-16 19:07:31+00:00,1,lower,8,-0.00039999998989515007,-0.00039999998989515007,-0.0006999999898951501,realized_event_entry_model
6102,289435,289444,2021-04-16 19:07:38+00:00,2021-04-16 19:07:47+00:00,1,upper,9,0.0004431447887327522,0.0004431447887327522,0.00014314478873275218,realized_event_entry_model
6113,289446,289460,2021-04-16 19:07:49+00:00,2021-04-16 19:08:03+00:00,1,upper,14,0.00046872152597643435,0.00046872152597643435,0.00016872152597643432,realized_event_entry_model
6133,289466,289475,2021-04-16 19:08:09+00:00,2021-04-16 19:08:18+00:00,1,upper,9,0.00039999998989515007,0.00039999998989515007,9.999998989515004e-05,realized_event_entry_model
6148,289481,289488,2021-04-16 19:08:24+00:00,2021-04-16 19:08:31+00:00,1,upper,7,0.00039999998989515007,0.00039999998989515007,9.999998989515004e-05,realized_event_entry_model
6163,289496,289499,2021-04-16 19:08:39+00:00,2021-04-16 19:08:42+00:00,1,lower,3,-0.00039999998989515007,-0.00039999998989515007,-0.0006999999898951501,realized_event_entry_model
6170,289503,289519,2021-04-16 19:08:46+00:00,2021-04-16 19:09:02+00:00,1,lower,16,-0.00039999998989515007,-0.00039999998989515007,-0.0006999999898951501,realized_event_entry_model
6194,289527,289570,2021-04-16 19:09:10+00:00,2021-04-16 19:09:53+00:00,1,lower,43,-0.0004163724952377379,-0.0004163724952377379,-0.0007163724952377379,realized_event_entry_model
6244,289577,289585,2021-04-16 19:10:00+00:00,2021-04-16 19:10:08+00:00,1,upper,8,0.00039999998989515007,0.00039999998989515007,9.999998989515004e-05,realized_event_entry_model
6257,289590,289598,2021-04-16 19:10:13+00:00,2021-04-16 19:10:21+00:00,-1,lower,8,-0.00039999998989515007,0.00039999998989515007,9.999998989515004e-05,realized_event_entry_model
6275,289608,289619,2021-04-16 19:10:31+00:00,2021-04-16 19:10:42+00:00,1,lower,11,-0.00039999998989515007,-0.00039999998989515007,-0.0006999999898951501,realized_event_entry_model
6295,289628,289639,2021-04-16 19:10:51+00:00,2021-04-16 19:11:02+00:00,1,lower,11,-0.00039999998989515007,-0.00039999998989515007,-0.0006999999898951501,realized_event_entry_model
6312,289645,289646,2021-04-16 19:11:08+00:00,2021-04-16 19:11:09+00:00,1,upper,1,0.00039999998989515007,0.00039999998989515007,9.999998989515004e-05,realized_event_entry_model
6313,289646,289661,2021-04-16 19:11:09+00:00,2021-04-16 19:11:24+00:00,1,upper,15,0.00041272881207987666,0.00041272881207987666,0.00011272881207987663,realized_event_entry_model
6338,289671,289677,2021-04-16 19:11:34+00:00,2021-04-16 19:11:40+00:00,1,upper,6,0.00039999998989515007,0.00039999998989515007,9.999998989515004e-05,realized_event_entry_model
6346,289679,289684,2021-04-16 19:11:42+00:00,2021-04-16 19:11:47+00:00,-1,upper,5,0.00039999998989515007,-0.00039999998989515007,-0.0006999999898951501,realized_event_entry_model
6364,289697,289700,2021-04-16 19:12:00+00:00,2021-04-16 19:12:03+00:00,1,upper,3,0.00039999998989515007,0.00039999998989515007,9.999998989515004e-05,realized_event_entry_model
6372,289705,289714,2021-04-16 19:12:08+00:00,2021-04-16 19:12:17+00:00,1,upper,9,0.0006391026545315981,0.0006391026545315981,0.00033910265453159806,realized_event_entry_model
6381,289714,289734,2021-04-16 19:12:17+00:00,2021-04-16 19:12:37+00:00,1,upper,20,0.000624129141215235,0.000624129141215235,0.00032412914121523497,realized_event_entry_model
6401,289734,289745,2021-04-16 19:12:37+00:00,2021-04-16 19:12:48+00:00,1,upper,11,0.00039999998989515007,0.00039999998989515007,9.999998989515004e-05,realized_event_entry_model
6412,289745,289757,2021-04-16 19:12:48+00:00,2021-04-16 19:13:00+00:00,1,lower,12,-0.00039999998989515007,-0.00039999998989515007,-0.0006999999898951501,realized_event_entry_model
6442,289775,289778,2021-04-16 19:13:18+00:00,2021-04-16 19:13:21+00:00,1,upper,3,0.00039999998989515007,0.00039999998989515007,9.999998989515004e-05,realized_event_entry_model
6445,289778,289779,2021-04-16 19:13:21+00:00,2021-04-16 19:13:22+00:00,1,upper,1,0.00039999998989515007,0.00039999998989515007,9.999998989515004e-05,realized_event_entry_model
6446,289779,289811,2021-04-16 19:13:22+00:00,2021-04-16 19:13:54+00:00,1,lower,32,-0.00039999998989515007,-0.00039999998989515007,-0.0006999999898951501,realized_event_entry_model
6479,289812,289830,2021-04-16 19:13:55+00:00,2021-04-16 19:14:13+00:00,1,upper,18,0.00039999998989515007,0.00039999998989515007,9.999998989515004e-05,realized_event_entry_model
6497,289830,289840,2021-04-16 19:14:13+00:00,2021-04-16 19:14:23+00:00,1,lower,10,-0.00039999998989515007,-0.00039999998989515007,-0.0006999999898951501,realized_event_entry_model
6507,289840,289847,2021-04-16 19:14:23+00:00,2021-04-16 19:14:30+00:00,1,upper,7,0.00039999998989515007,0.00039999998989515007,9.999998989515004e-05,realized_event_entry_model
6514,289847,289856,2021-04-16 19:14:30+00:00,2021-04-16 19:14:39+00:00,1,upper,9,0.00039999998989515007,0.00039999998989515007,9.999998989515004e-05,realized_event_entry_model
6523,289856,289858,2021-04-16 19:14:39+00:00,2021-04-16 19:14:41+00:00,1,lower,2,-0.00039999998989515007,-0.00039999998989515007,-0.0006999999898951501,realized_event_entry_model
6528,289861,289890,2021-04-16 19:14:44+00:00,2021-04-16 19:15:13+00:00,1,upper,29,0.00039999998989515007,0.00039999998989515007,9.999998989515004e-05,realized_event_entry_model
6557,289890,289895,2021-04-16 19:15:13+00:00,2021-04-16 19:15:18+00:00,1,upper,5,0.00039999998989515007,0.00039999998989515007,9.999998989515004e-05,realized_event_entry_model
6562,289895,289917,2021-04-16 19:15:18+00:00,2021-04-16 19:15:40+00:00,1,upper,22,0.00039999998989515007,0.00039999998989515007,9.999998989515004e-05,realized_event_entry_model
6584,289917,289948,2021-04-16 19:15:40+00:00,2021-04-16 19:16:11+00:00,1,lower,31,-0.00039999998989515007,-0.00039999998989515007,-0.0006999999898951501,realized_event_entry_model
6617,289950,289980,2021-04-16 19:16:13+00:00,2021-04-16 19:16:43+00:00,1,lower,30,-0.00039999998989515007,-0.00039999998989515007,-0.0006999999898951501,realized_event_entry_model
6649,289982,289985,2021-04-16 19:16:45+00:00,2021-04-16 19:16:48+00:00,1,upper,3,0.00039999998989515007,0.00039999998989515007,9.999998989515004e-05,realized_event_entry_model
6652,289985,290005,2021-04-16 19:16:48+00:00,2021-04-16 19:17:08+00:00,1,lower,20,-0.00039999998989515007,-0.00039999998989515007,-0.0006999999898951501,realized_event_entry_model
6675,290008,290018,2021-04-16 19:17:11+00:00,2021-04-16 19:17:21+00:00,1,lower,10,-0.00039999998989515007,-0.00039999998989515007,-0.0006999999898951501,realized_event_entry_model
6687,290020,290035,2021-04-16 19:17:23+00:00,2021-04-16 19:17:38+00:00,1,lower,15,-0.00039999998989515007,-0.00039999998989515007,-0.0006999999898951501,realized_event_entry_model
6705,290038,290078,2021-04-16 19:17:41+00:00,2021-04-16 19:18:21+00:00,1,lower,40,-0.00039999998989515007,-0.00039999998989515007,-0.0006999999898951501,realized_event_entry_model
6749,290082,290085,2021-04-16 19:18:25+00:00,2021-04-16 19:18:28+00:00,1,upper,3,0.00039999998989515007,0.00039999998989515007,9.999998989515004e-05,realized_event_entry_model
6752,290085,290094,2021-04-16 19:18:28+00:00,2021-04-16 19:18:37+00:00,1,lower,9,-0.00039999998989515007,-0.00039999998989515007,-0.0006999999898951501,realized_event_entry_model
6769,290102,290106,2021-04-16 19:18:45+00:00,2021-04-16 19:18:49+00:00,-1,lower,4,-0.00039999998989515007,0.00039999998989515007,9.999998989515004e-05,realized_event_entry_model
6778,290111,290119,2021-04-16 19:18:54+00:00,2021-04-16 19:19:02+00:00,1,lower,8,-0.00039999998989515007,-0.00039999998989515007,-0.0006999999898951501,realized_event_entry_model
6790,290123,290125,2021-04-16 19:19:06+00:00,2021-04-16 19:19:08+00:00,1,upper,2,0.00039999998989515007,0.00039999998989515007,9.999998989515004e-05,realized_event_entry_model
6792,290125,290135,2021-04-16 19:19:08+00:00,2021-04-16 19:19:18+00:00,1,lower,10,-0.00039999998989515007,-0.00039999998989515007,-0.0006999999898951501,realized_event_entry_model
6807,290140,290150,2021-04-16 19:19:23+00:00,2021-04-16 19:19:33+00:00,1,lower,10,-0.00039999998989515007,-0.00039999998989515007,-0.0006999999898951501,realized_event_entry_model
6829,290162,290175,2021-04-16 19:19:45+00:00,2021-04-16 19:19:58+00:00,1,lower,13,-0.00039999998989515007,-0.00039999998989515007,-0.0006999999898951501,realized_event_entry_model
6852,290185,290203,2021-04-16 19:20:08+00:00,2021-04-16 19:20:26+00:00,1,upper,18,0.00039999998989515007,0.00039999998989515007,9.999998989515004e-05,realized_event_entry_model
6870,290203,290209,2021-04-16 19:20:26+00:00,2021-04-16 19:20:32+00:00,1,lower,6,-0.00039999998989515007,-0.00039999998989515007,-0.0006999999898951501,realized_event_entry_model
6876,290209,290222,2021-04-16 19:20:32+00:00,2021-04-16 19:20:45+00:00,1,upper,13,0.00039999998989515007,0.00039999998989515007,9.999998989515004e-05,realized_event_entry_model
6889,290222,290224,2021-04-16 19:20:45+00:00,2021-04-16 19:20:47+00:00,1,lower,2,-0.00039999998989515007,-0.00039999998989515007,-0.0006999999898951501,realized_event_entry_model
6892,290225,290232,2021-04-16 19:20:48+00:00,2021-04-16 19:20:55+00:00,1,lower,7,-0.00039999998989515007,-0.00039999998989515007,-0.0006999999898951501,realized_event_entry_model
6900,290233,290238,2021-04-16 19:20:56+00:00,2021-04-16 19:21:01+00:00,1,lower,5,-0.00039999998989515007,-0.00039999998989515007,-0.0006999999898951501,realized_event_entry_model
6909,290242,290251,2021-04-16 19:21:05+00:00,2021-04-16 19:21:14+00:00,1,lower,9,-0.00039999998989515007,-0.00039999998989515007,-0.0006999999898951501,realized_event_entry_model
6919,290252,290259,2021-04-16 19:21:15+00:00,2021-04-16 19:21:22+00:00,1,lower,7,-0.00039999998989515007,-0.00039999998989515007,-0.0006999999898951501,realized_event_entry_model
6929,290262,290264,2021-04-16 19:21:25+00:00,2021-04-16 19:21:27+00:00,1,upper,2,0.00039999998989515007,0.00039999998989515007,9.999998989515004e-05,realized_event_entry_model
6931,290264,290269,2021-04-16 19:21:27+00:00,2021-04-16 19:21:32+00:00,1,lower,5,-0.00039999998989515007,-0.00039999998989515007,-0.0006999999898951501,realized_event_entry_model
6955,290288,290289,2021-04-16 19:21:51+00:00,2021-04-16 19:21:52+00:00,1,lower,1,-0.0004525178810581565,-0.0004525178810581565,-0.0007525178810581565,realized_event_entry_model
6962,290295,290308,2021-04-16 19:21:58+00:00,2021-04-16 19:22:11+00:00,1,upper,13,0.0004409148823469877,0.0004409148823469877,0.0001409148823469877,realized_event_entry_model
6975,290308,290333,2021-04-16 19:22:11+00:00,2021-04-16 19:22:36+00:00,1,upper,25,0.00039999998989515007,0.00039999998989515007,9.999998989515004e-05,realized_event_entry_model
7005,290338,290360,2021-04-16 19:22:41+00:00,2021-04-16 19:23:03+00:00,1,lower,22,-0.00039999998989515007,-0.00039999998989515007,-0.0006999999898951501,realized_event_entry_model
7043,290376,290386,2021-04-16 19:23:19+00:00,2021-04-16 19:23:29+00:00,1,lower,10,-0.00039999998989515007,-0.00039999998989515007,-0.0006999999898951501,realized_event_entry_model
7075,290408,290410,2021-04-16 19:23:51+00:00,2021-04-16 19:23:53+00:00,1,upper,2,0.00039999998989515007,0.00039999998989515007,9.999998989515004e-05,realized_event_entry_model
7077,290410,290416,2021-04-16 19:23:53+00:00,2021-04-16 19:23:59+00:00,1,upper,6,0.00039999998989515007,0.00039999998989515007,9.999998989515004e-05,realized_event_entry_model
7083,290416,290422,2021-04-16 19:23:59+00:00,2021-04-16 19:24:05+00:00,1,lower,6,-0.00039999998989515007,-0.00039999998989515007,-0.0006999999898951501,realized_event_entry_model
7093,290426,290427,2021-04-16 19:24:09+00:00,2021-04-16 19:24:10+00:00,1,upper,1,0.00039999998989515007,0.00039999998989515007,9.999998989515004e-05,realized_event_entry_model
7094,290427,290432,2021-04-16 19:24:10+00:00,2021-04-16 19:24:15+00:00,1,lower,5,-0.00039999998989515007,-0.00039999998989515007,-0.0006999999898951501,realized_event_entry_model
7103,290436,290451,2021-04-16 19:24:19+00:00,2021-04-16 19:24:34+00:00,1,upper,15,0.00039999998989515007,0.00039999998989515007,9.999998989515004e-05,realized_event_entry_model
7134,290467,290473,2021-04-16 19:24:50+00:00,2021-04-16 19:24:56+00:00,1,upper,6,0.00039999998989515007,0.00039999998989515007,9.999998989515004e-05,realized_event_entry_model
7141,290474,290480,2021-04-16 19:24:57+00:00,2021-04-16 19:25:03+00:00,1,lower,6,-0.00039999998989515007,-0.00039999998989515007,-0.0006999999898951501,realized_event_entry_model
7149,290482,290485,2021-04-16 19:25:05+00:00,2021-04-16 19:25:08+00:00,1,upper,3,0.00039999998989515007,0.00039999998989515007,9.999998989515004e-05,realized_event_entry_model
7152,290485,290499,2021-04-16 19:25:08+00:00,2021-04-16 19:25:22+00:00,1,upper,14,0.00039999998989515007,0.00039999998989515007,9.999998989515004e-05,realized_event_entry_model
7166,290499,290503,2021-04-16 19:25:22+00:00,2021-04-16 19:25:26+00:00,-1,lower,4,-0.00039999998989515007,0.00039999998989515007,9.999998989515004e-05,realized_event_entry_model
7176,290509,290513,2021-04-16 19:25:32+00:00,2021-04-16 19:25:36+00:00,1,upper,4,0.00039999998989515007,0.00039999998989515007,9.999998989515004e-05,realized_event_entry_model
7180,290513,290519,2021-04-16 19:25:36+00:00,2021-04-16 19:25:42+00:00,1,lower,6,-0.00039999998989515007,-0.00039999998989515007,-0.0006999999898951501,realized_event_entry_model
7191,290524,290526,2021-04-16 19:25:47+00:00,2021-04-16 19:25:49+00:00,1,lower,2,-0.00039999998989515007,-0.00039999998989515007,-0.0006999999898951501,realized_event_entry_model
7200,290533,290536,2021-04-16 19:25:56+00:00,2021-04-16 19:25:59+00:00,1,upper,3,0.00039999998989515007,0.00039999998989515007,9.999998989515004e-05,realized_event_entry_model
7207,290540,290544,2021-04-16 19:26:03+00:00,2021-04-16 19:26:07+00:00,-1,lower,4,-0.00039999998989515007,0.00039999998989515007,9.999998989515004e-05,realized_event_entry_model
7214,290547,290550,2021-04-16 19:26:10+00:00,2021-04-16 19:26:13+00:00,1,upper,3,0.00046063930494710803,0.00046063930494710803,0.000160639304947108,realized_event_entry_model
7217,290550,290593,2021-04-16 19:26:13+00:00,2021-04-16 19:26:56+00:00,1,upper,43,0.0004457702161744237,0.0004457702161744237,0.00014577021617442367,realized_event_entry_model
7261,290594,290597,2021-04-16 19:26:57+00:00,2021-04-16 19:27:00+00:00,1,upper,3,0.00039999998989515007,0.00039999998989515007,9.999998989515004e-05,realized_event_entry_model
7267,290600,290616,2021-04-16 19:27:03+00:00,2021-04-16 19:27:19+00:00,1,lower,16,-0.00039999998989515007,-0.00039999998989515007,-0.0006999999898951501,realized_event_entry_model
7287,290620,290645,2021-04-16 19:27:23+00:00,2021-04-16 19:27:48+00:00,1,lower,25,-0.00039999998989515007,-0.00039999998989515007,-0.0006999999898951501,realized_event_entry_model
7316,290649,290671,2021-04-16 19:27:52+00:00,2021-04-16 19:28:14+00:00,1,upper,22,0.00039999998989515007,0.00039999998989515007,9.999998989515004e-05,realized_event_entry_model
7338,290671,290676,2021-04-16 19:28:14+00:00,2021-04-16 19:28:19+00:00,1,lower,5,-0.00039999998989515007,-0.00039999998989515007,-0.0006999999898951501,realized_event_entry_model
7344,290677,290700,2021-04-16 19:28:20+00:00,2021-04-16 19:28:43+00:00,1,upper,23,0.00039999998989515007,0.00039999998989515007,9.999998989515004e-05,realized_event_entry_model
7368,290701,290727,2021-04-16 19:28:44+00:00,2021-04-16 19:29:10+00:00,1,lower,26,-0.00039999998989515007,-0.00039999998989515007,-0.0006999999898951501,realized_event_entry_model
7399,290732,290738,2021-04-16 19:29:15+00:00,2021-04-16 19:29:21+00:00,1,lower,6,-0.00039999998989515007,-0.00039999998989515007,-0.0006999999898951501,realized_event_entry_model
7406,290739,290765,2021-04-16 19:29:22+00:00,2021-04-16 19:29:48+00:00,1,upper,26,0.00039999998989515007,0.00039999998989515007,9.999998989515004e-05,realized_event_entry_model
7434,290767,290773,2021-04-16 19:29:50+00:00,2021-04-16 19:29:56+00:00,1,upper,6,0.00039999998989515007,0.00039999998989515007,9.999998989515004e-05,realized_event_entry_model
7445,290778,290779,2021-04-16 19:30:01+00:00,2021-04-16 19:30:02+00:00,1,upper,1,0.00039999998989515007,0.00039999998989515007,9.999998989515004e-05,realized_event_entry_model
7446,290779,290788,2021-04-16 19:30:02+00:00,2021-04-16 19:30:11+00:00,1,upper,9,0.00039999998989515007,0.00039999998989515007,9.999998989515004e-05,realized_event_entry_model
7458,290791,290796,2021-04-16 19:30:14+00:00,2021-04-16 19:30:19+00:00,1,lower,5,-0.00039999998989515007,-0.00039999998989515007,-0.0006999999898951501,realized_event_entry_model
7465,290798,290808,2021-04-16 19:30:21+00:00,2021-04-16 19:30:31+00:00,1,upper,10,0.00039999998989515007,0.00039999998989515007,9.999998989515004e-05,realized_event_entry_model
7475,290808,290811,2021-04-16 19:30:31+00:00,2021-04-16 19:30:34+00:00,1,lower,3,-0.00039999998989515007,-0.00039999998989515007,-0.0006999999898951501,realized_event_entry_model
7485,290818,290820,2021-04-16 19:30:41+00:00,2021-04-16 19:30:43+00:00,1,upper,2,0.0004442411882337183,0.0004442411882337183,0.00014424118823371825,realized_event_entry_model
7495,290828,290840,2021-04-16 19:30:51+00:00,2021-04-16 19:31:03+00:00,1,upper,12,0.00047362380428239703,0.00047362380428239703,0.000173623804282397,realized_event_entry_model
7507,290840,290854,2021-04-16 19:31:03+00:00,2021-04-16 19:31:17+00:00,1,lower,14,-0.00047249323688447475,-0.00047249323688447475,-0.0007724932368844748,realized_event_entry_model
7526,290859,290877,2021-04-16 19:31:22+00:00,2021-04-16 19:31:40+00:00,1,upper,18,0.00039999998989515007,0.00039999998989515007,9.999998989515004e-05,realized_event_entry_model
7544,290877,290886,2021-04-16 19:31:40+00:00,2021-04-16 19:31:49+00:00,1,lower,9,-0.00039999998989515007,-0.00039999998989515007,-0.0006999999898951501,realized_event_entry_model
7557,290890,290894,2021-04-16 19:31:53+00:00,2021-04-16 19:31:57+00:00,1,upper,4,0.00039999998989515007,0.00039999998989515007,9.999998989515004e-05,realized_event_entry_model
7561,290894,290901,2021-04-16 19:31:57+00:00,2021-04-16 19:32:04+00:00,1,upper,7,0.00039999998989515007,0.00039999998989515007,9.999998989515004e-05,realized_event_entry_model
7568,290901,290913,2021-04-16 19:32:04+00:00,2021-04-16 19:32:16+00:00,1,upper,12,0.00039999998989515007,0.00039999998989515007,9.999998989515004e-05,realized_event_entry_model
7585,290918,290957,2021-04-16 19:32:21+00:00,2021-04-16 19:33:00+00:00,1,upper,39,0.00039999998989515007,0.00039999998989515007,9.999998989515004e-05,realized_event_entry_model
7624,290957,290968,2021-04-16 19:33:00+00:00,2021-04-16 19:33:11+00:00,1,upper,11,0.00039999998989515007,0.00039999998989515007,9.999998989515004e-05,realized_event_entry_model
7639,290972,290988,2021-04-16 19:33:15+00:00,2021-04-16 19:33:31+00:00,1,lower,16,-0.00039999998989515007,-0.00039999998989515007,-0.0006999999898951501,realized_event_entry_model
7663,290996,291015,2021-04-16 19:33:39+00:00,2021-04-16 19:33:58+00:00,1,lower,19,-0.00039999998989515007,-0.00039999998989515007,-0.0006999999898951501,realized_event_entry_model
7690,291023,291055,2021-04-16 19:34:06+00:00,2021-04-16 19:34:38+00:00,1,upper,32,0.00039999998989515007,0.00039999998989515007,9.999998989515004e-05,realized_event_entry_model
7724,291057,291080,2021-04-16 19:34:40+00:00,2021-04-16 19:35:03+00:00,-1,lower,23,-0.00039999998989515007,0.00039999998989515007,9.999998989515004e-05,realized_event_entry_model
7748,291081,291088,2021-04-16 19:35:04+00:00,2021-04-16 19:35:11+00:00,1,lower,7,-0.00039999998989515007,-0.00039999998989515007,-0.0006999999898951501,realized_event_entry_model
7755,291088,291104,2021-04-16 19:35:11+00:00,2021-04-16 19:35:27+00:00,1,lower,16,-0.00039999998989515007,-0.00039999998989515007,-0.0006999999898951501,realized_event_entry_model
7774,291107,291135,2021-04-16 19:35:30+00:00,2021-04-16 19:35:58+00:00,1,upper,28,0.00039999998989515007,0.00039999998989515007,9.999998989515004e-05,realized_event_entry_model
7804,291137,291154,2021-04-16 19:36:00+00:00,2021-04-16 19:36:17+00:00,1,upper,17,0.00039999998989515007,0.00039999998989515007,9.999998989515004e-05,realized_event_entry_model
7821,291154,291204,2021-04-16 19:36:17+00:00,2021-04-16 19:37:07+00:00,1,upper,50,0.00039999998989515007,0.00039999998989515007,9.999998989515004e-05,realized_event_entry_model
7871,291204,291214,2021-04-16 19:37:07+00:00,2021-04-16 19:37:17+00:00,1,upper,10,0.00039999998989515007,0.00039999998989515007,9.999998989515004e-05,realized_event_entry_model
7881,291214,291259,2021-04-16 19:37:17+00:00,2021-04-16 19:38:02+00:00,1,lower,45,-0.00039999998989515007,-0.00039999998989515007,-0.0006999999898951501,realized_event_entry_model
7938,291271,291295,2021-04-16 19:38:14+00:00,2021-04-16 19:38:38+00:00,1,upper,24,0.00039999998989515007,0.00039999998989515007,9.999998989515004e-05,realized_event_entry_model
7963,291296,291304,2021-04-16 19:38:39+00:00,2021-04-16 19:38:47+00:00,1,upper,8,0.00039999998989515007,0.00039999998989515007,9.999998989515004e-05,realized_event_entry_model
7971,291304,291328,2021-04-16 19:38:47+00:00,2021-04-16 19:39:11+00:00,1,upper,24,0.00039999998989515007,0.00039999998989515007,9.999998989515004e-05,realized_event_entry_model
7995,291328,291349,2021-04-16 19:39:11+00:00,2021-04-16 19:39:32+00:00,1,lower,21,-0.00039999998989515007,-0.00039999998989515007,-0.0006999999898951501,realized_event_entry_model
8016,291349,291373,2021-04-16 19:39:32+00:00,2021-04-16 19:39:56+00:00,1,lower,24,-0.00039999998989515007,-0.00039999998989515007,-0.0006999999898951501,realized_event_entry_model
8043,291376,291380,2021-04-16 19:39:59+00:00,2021-04-16 19:40:03+00:00,1,upper,4,0.00039999998989515007,0.00039999998989515007,9.999998989515004e-05,realized_event_entry_model
8047,291380,291401,2021-04-16 19:40:03+00:00,2021-04-16 19:40:24+00:00,1,upper,21,0.00039999998989515007,0.00039999998989515007,9.999998989515004e-05,realized_event_entry_model
8068,291401,291442,2021-04-16 19:40:24+00:00,2021-04-16 19:41:05+00:00,1,lower,41,-0.00039999998989515007,-0.00039999998989515007,-0.0006999999898951501,realized_event_entry_model
8112,291445,291450,2021-04-16 19:41:08+00:00,2021-04-16 19:41:13+00:00,1,lower,5,-0.00039999998989515007,-0.00039999998989515007,-0.0006999999898951501,realized_event_entry_model
8117,291450,291460,2021-04-16 19:41:13+00:00,2021-04-16 19:41:23+00:00,1,upper,10,0.00039999998989515007,0.00039999998989515007,9.999998989515004e-05,realized_event_entry_model
8127,291460,291461,2021-04-16 19:41:23+00:00,2021-04-16 19:41:24+00:00,1,lower,1,-0.00039999998989515007,-0.00039999998989515007,-0.0006999999898951501,realized_event_entry_model
8135,291468,291486,2021-04-16 19:41:31+00:00,2021-04-16 19:41:49+00:00,1,lower,18,-0.00043623591773211956,-0.00043623591773211956,-0.0007362359177321196,realized_event_entry_model
8154,291487,291501,2021-04-16 19:41:50+00:00,2021-04-16 19:42:04+00:00,1,upper,14,0.000440684292698279,0.000440684292698279,0.000140684292698279,realized_event_entry_model
8176,291509,291513,2021-04-16 19:42:12+00:00,2021-04-16 19:42:16+00:00,1,lower,4,-0.00039999998989515007,-0.00039999998989515007,-0.0006999999898951501,realized_event_entry_model
8183,291516,291527,2021-04-16 19:42:19+00:00,2021-04-16 19:42:30+00:00,1,upper,11,0.00039999998989515007,0.00039999998989515007,9.999998989515004e-05,realized_event_entry_model
8209,291542,291562,2021-04-16 19:42:45+00:00,2021-04-16 19:43:05+00:00,1,upper,20,0.00039999998989515007,0.00039999998989515007,9.999998989515004e-05,realized_event_entry_model
8230,291563,291591,2021-04-16 19:43:06+00:00,2021-04-16 19:43:34+00:00,1,upper,28,0.00039999998989515007,0.00039999998989515007,9.999998989515004e-05,realized_event_entry_model
8258,291591,291628,2021-04-16 19:43:34+00:00,2021-04-16 19:44:11+00:00,1,upper,37,0.00039999998989515007,0.00039999998989515007,9.999998989515004e-05,realized_event_entry_model
8295,291628,291661,2021-04-16 19:44:11+00:00,2021-04-16 19:44:44+00:00,1,upper,33,0.00039999998989515007,0.00039999998989515007,9.999998989515004e-05,realized_event_entry_model
8329,291662,291677,2021-04-16 19:44:45+00:00,2021-04-16 19:45:00+00:00,1,upper,15,0.00039999998989515007,0.00039999998989515007,9.999998989515004e-05,realized_event_entry_model
8344,291677,291691,2021-04-16 19:45:00+00:00,2021-04-16 19:45:14+00:00,1,upper,14,0.00039999998989515007,0.00039999998989515007,9.999998989515004e-05,realized_event_entry_model
8378,291711,291715,2021-04-16 19:45:34+00:00,2021-04-16 19:45:38+00:00,1,lower,4,-0.00039999998989515007,-0.00039999998989515007,-0.0006999999898951501,realized_event_entry_model
8382,291715,291742,2021-04-16 19:45:38+00:00,2021-04-16 19:46:05+00:00,1,lower,27,-0.00039999998989515007,-0.00039999998989515007,-0.0006999999898951501,realized_event_entry_model
8423,291756,291757,2021-04-16 19:46:19+00:00,2021-04-16 19:46:20+00:00,1,upper,1,0.00039999998989515007,0.00039999998989515007,9.999998989515004e-05,realized_event_entry_model
8424,291757,291759,2021-04-16 19:46:20+00:00,2021-04-16 19:46:22+00:00,1,lower,2,-0.00039999998989515007,-0.00039999998989515007,-0.0006999999898951501,realized_event_entry_model
8428,291761,291776,2021-04-16 19:46:24+00:00,2021-04-16 19:46:39+00:00,1,upper,15,0.00039999998989515007,0.00039999998989515007,9.999998989515004e-05,realized_event_entry_model
8443,291776,291783,2021-04-16 19:46:39+00:00,2021-04-16 19:46:46+00:00,1,lower,7,-0.00039999998989515007,-0.00039999998989515007,-0.0006999999898951501,realized_event_entry_model
8451,291784,291789,2021-04-16 19:46:47+00:00,2021-04-16 19:46:52+00:00,1,upper,5,0.00039999998989515007,0.00039999998989515007,9.999998989515004e-05,realized_event_entry_model
8456,291789,291791,2021-04-16 19:46:52+00:00,2021-04-16 19:46:54+00:00,1,lower,2,-0.00039999998989515007,-0.00039999998989515007,-0.0006999999898951501,realized_event_entry_model
8468,291801,291851,2021-04-16 19:47:04+00:00,2021-04-16 19:47:54+00:00,1,upper,50,0.00039999998989515007,0.00039999998989515007,9.999998989515004e-05,realized_event_entry_model
8518,291851,291853,2021-04-16 19:47:54+00:00,2021-04-16 19:47:56+00:00,1,lower,2,-0.00039999998989515007,-0.00039999998989515007,-0.0006999999898951501,realized_event_entry_model
8525,291858,291863,2021-04-16 19:48:01+00:00,2021-04-16 19:48:06+00:00,1,upper,5,0.00039999998989515007,0.00039999998989515007,9.999998989515004e-05,realized_event_entry_model
8530,291863,291869,2021-04-16 19:48:06+00:00,2021-04-16 19:48:12+00:00,1,upper,6,0.00039999998989515007,0.00039999998989515007,9.999998989515004e-05,realized_event_entry_model
8536,291869,291873,2021-04-16 19:48:12+00:00,2021-04-16 19:48:16+00:00,1,upper,4,0.00039999998989515007,0.00039999998989515007,9.999998989515004e-05,realized_event_entry_model
8540,291873,291876,2021-04-16 19:48:16+00:00,2021-04-16 19:48:19+00:00,1,lower,3,-0.00039999998989515007,-0.00039999998989515007,-0.0006999999898951501,realized_event_entry_model
8544,291877,291882,2021-04-16 19:48:20+00:00,2021-04-16 19:48:25+00:00,1,upper,5,0.00039999998989515007,0.00039999998989515007,9.999998989515004e-05,realized_event_entry_model
8549,291882,291887,2021-04-16 19:48:25+00:00,2021-04-16 19:48:30+00:00,1,lower,5,-0.00039999998989515007,-0.00039999998989515007,-0.0006999999898951501,realized_event_entry_model
8558,291891,291892,2021-04-16 19:48:34+00:00,2021-04-16 19:48:35+00:00,1,lower,1,-0.00039999998989515007,-0.00039999998989515007,-0.0006999999898951501,realized_event_entry_model
8559,291892,291894,2021-04-16 19:48:35+00:00,2021-04-16 19:48:37+00:00,-1,upper,2,0.00039999998989515007,-0.00039999998989515007,-0.0006999999898951501,realized_event_entry_model
8561,291894,291896,2021-04-16 19:48:37+00:00,2021-04-16 19:48:39+00:00,1,upper,2,0.0004224410222377628,0.0004224410222377628,0.00012244102223776278,realized_event_entry_model
8563,291896,291905,2021-04-16 19:48:39+00:00,2021-04-16 19:48:48+00:00,1,lower,9,-0.0004279173444956541,-0.0004279173444956541,-0.0007279173444956541,realized_event_entry_model
8573,291906,291916,2021-04-16 19:48:49+00:00,2021-04-16 19:48:59+00:00,1,lower,10,-0.00047882518265396357,-0.00047882518265396357,-0.0007788251826539636,realized_event_entry_model
8585,291918,291919,2021-04-16 19:49:01+00:00,2021-04-16 19:49:02+00:00,1,upper,1,0.00045612757094204426,0.00045612757094204426,0.00015612757094204423,realized_event_entry_model
8586,291919,291927,2021-04-16 19:49:02+00:00,2021-04-16 19:49:10+00:00,1,upper,8,0.0004842446360271424,0.0004842446360271424,0.00018424463602714238,realized_event_entry_model
8597,291930,291941,2021-04-16 19:49:13+00:00,2021-04-16 19:49:24+00:00,-1,upper,11,0.00043022719910368323,-0.00043022719910368323,-0.0007302271991036833,realized_event_entry_model
8613,291946,291958,2021-04-16 19:49:29+00:00,2021-04-16 19:49:41+00:00,1,lower,12,-0.00039999998989515007,-0.00039999998989515007,-0.0006999999898951501,realized_event_entry_model
8630,291963,291976,2021-04-16 19:49:46+00:00,2021-04-16 19:49:59+00:00,1,upper,13,0.00039999998989515007,0.00039999998989515007,9.999998989515004e-05,realized_event_entry_model
8644,291977,291994,2021-04-16 19:50:00+00:00,2021-04-16 19:50:17+00:00,1,upper,17,0.00039999998989515007,0.00039999998989515007,9.999998989515004e-05,realized_event_entry_model
8661,291994,292011,2021-04-16 19:50:17+00:00,2021-04-16 19:50:34+00:00,1,upper,17,0.00039999998989515007,0.00039999998989515007,9.999998989515004e-05,realized_event_entry_model
8682,292015,292017,2021-04-16 19:50:38+00:00,2021-04-16 19:50:40+00:00,-1,lower,2,-0.00039999998989515007,0.00039999998989515007,9.999998989515004e-05,realized_event_entry_model
8687,292020,292140,2021-04-16 19:50:43+00:00,2021-04-16 19:52:43+00:00,1,vertical,120,-0.00020982128626201302,-0.00020982128626201302,-0.000509821286262013,realized_event_entry_model
8812,292145,292167,2021-04-16 19:52:48+00:00,2021-04-16 19:53:10+00:00,1,upper,22,0.00039999998989515007,0.00039999998989515007,9.999998989515004e-05,realized_event_entry_model
8834,292167,292168,2021-04-16 19:53:10+00:00,2021-04-16 19:53:11+00:00,1,upper,1,0.00039999998989515007,0.00039999998989515007,9.999998989515004e-05,realized_event_entry_model
8841,292174,292192,2021-04-16 19:53:17+00:00,2021-04-16 19:53:35+00:00,1,upper,18,0.00039999998989515007,0.00039999998989515007,9.999998989515004e-05,realized_event_entry_model
8867,292200,292231,2021-04-16 19:53:43+00:00,2021-04-16 19:54:14+00:00,1,upper,31,0.00039999998989515007,0.00039999998989515007,9.999998989515004e-05,realized_event_entry_model
8898,292231,292242,2021-04-16 19:54:14+00:00,2021-04-16 19:54:25+00:00,1,lower,11,-0.00039999998989515007,-0.00039999998989515007,-0.0006999999898951501,realized_event_entry_model
8914,292247,292250,2021-04-16 19:54:30+00:00,2021-04-16 19:54:33+00:00,1,upper,3,0.00039999998989515007,0.00039999998989515007,9.999998989515004e-05,realized_event_entry_model
8917,292250,292254,2021-04-16 19:54:33+00:00,2021-04-16 19:54:37+00:00,1,lower,4,-0.00039999998989515007,-0.00039999998989515007,-0.0006999999898951501,realized_event_entry_model
8923,292256,292264,2021-04-16 19:54:39+00:00,2021-04-16 19:54:47+00:00,1,lower,8,-0.00039999998989515007,-0.00039999998989515007,-0.0006999999898951501,realized_event_entry_model
8932,292265,292278,2021-04-16 19:54:48+00:00,2021-04-16 19:55:01+00:00,1,upper,13,0.00039999998989515007,0.00039999998989515007,9.999998989515004e-05,realized_event_entry_model
8945,292278,292281,2021-04-16 19:55:01+00:00,2021-04-16 19:55:04+00:00,1,upper,3,0.00039999998989515007,0.00039999998989515007,9.999998989515004e-05,realized_event_entry_model
8948,292281,292285,2021-04-16 19:55:04+00:00,2021-04-16 19:55:08+00:00,1,lower,4,-0.00039999998989515007,-0.00039999998989515007,-0.0006999999898951501,realized_event_entry_model
8954,292287,292288,2021-04-16 19:55:10+00:00,2021-04-16 19:55:11+00:00,1,upper,1,0.00039999998989515007,0.00039999998989515007,9.999998989515004e-05,realized_event_entry_model
8955,292288,292293,2021-04-16 19:55:11+00:00,2021-04-16 19:55:16+00:00,1,lower,5,-0.00039999998989515007,-0.00039999998989515007,-0.0006999999898951501,realized_event_entry_model
8961,292294,292302,2021-04-16 19:55:17+00:00,2021-04-16 19:55:25+00:00,-1,upper,8,0.00039999998989515007,-0.00039999998989515007,-0.0006999999898951501,realized_event_entry_model
8969,292302,292332,2021-04-16 19:55:25+00:00,2021-04-16 19:55:55+00:00,-1,lower,30,-0.00039999998989515007,0.00039999998989515007,9.999998989515004e-05,realized_event_entry_model
9000,292333,292335,2021-04-16 19:55:56+00:00,2021-04-16 19:55:58+00:00,1,upper,2,0.00039999998989515007,0.00039999998989515007,9.999998989515004e-05,realized_event_entry_model
9002,292335,292354,2021-04-16 19:55:58+00:00,2021-04-16 19:56:17+00:00,1,upper,19,0.00039999998989515007,0.00039999998989515007,9.999998989515004e-05,realized_event_entry_model
9024,292357,292401,2021-04-16 19:56:20+00:00,2021-04-16 19:57:04+00:00,-1,upper,44,0.00039999998989515007,-0.00039999998989515007,-0.0006999999898951501,realized_event_entry_model
9068,292401,292411,2021-04-16 19:57:04+00:00,2021-04-16 19:57:14+00:00,1,lower,10,-0.00039999998989515007,-0.00039999998989515007,-0.0006999999898951501,realized_event_entry_model
9081,292414,292426,2021-04-16 19:57:17+00:00,2021-04-16 19:57:29+00:00,1,lower,12,-0.00039999998989515007,-0.00039999998989515007,-0.0006999999898951501,realized_event_entry_model
9096,292429,292460,2021-04-16 19:57:32+00:00,2021-04-16 19:58:03+00:00,1,upper,31,0.00039999998989515007,0.00039999998989515007,9.999998989515004e-05,realized_event_entry_model
9129,292462,292475,2021-04-16 19:58:05+00:00,2021-04-16 19:58:18+00:00,-1,upper,13,0.00039999998989515007,-0.00039999998989515007,-0.0006999999898951501,realized_event_entry_model
9142,292475,292507,2021-04-16 19:58:18+00:00,2021-04-16 19:58:50+00:00,1,lower,32,-0.00039999998989515007,-0.00039999998989515007,-0.0006999999898951501,realized_event_entry_model
9183,292516,292564,2021-04-16 19:58:59+00:00,2021-04-16 19:59:47+00:00,-1,lower,48,-0.00039999998989515007,0.00039999998989515007,9.999998989515004e-05,realized_event_entry_model
9232,292565,292575,2021-04-16 19:59:48+00:00,2021-04-16 19:59:58+00:00,1,upper,10,0.00039999998989515007,0.00039999998989515007,9.999998989515004e-05,realized_event_entry_model
9242,292575,292594,2021-04-16 19:59:58+00:00,2021-04-16 20:00:17+00:00,1,lower,19,-0.00039999998989515007,-0.00039999998989515007,-0.0006999999898951501,realized_event_entry_model
9262,292595,292600,2021-04-16 20:00:18+00:00,2021-04-16 20:00:23+00:00,1,upper,5,0.00039999998989515007,0.00039999998989515007,9.999998989515004e-05,realized_event_entry_model
9267,292600,292605,2021-04-16 20:00:23+00:00,2021-04-16 20:00:28+00:00,1,upper,5,0.00039999998989515007,0.00039999998989515007,9.999998989515004e-05,realized_event_entry_model
9272,292605,292612,2021-04-16 20:00:28+00:00,2021-04-16 20:00:35+00:00,1,lower,7,-0.00039999998989515007,-0.00039999998989515007,-0.0006999999898951501,realized_event_entry_model
9280,292613,292614,2021-04-16 20:00:36+00:00,2021-04-16 20:00:37+00:00,1,upper,1,0.00042281352216377854,0.00042281352216377854,0.00012281352216377852,realized_event_entry_model
9281,292614,292659,2021-04-16 20:00:37+00:00,2021-04-16 20:01:22+00:00,1,lower,45,-0.0004615778452716768,-0.0004615778452716768,-0.0007615778452716768,realized_event_entry_model
9329,292662,292680,2021-04-16 20:01:25+00:00,2021-04-16 20:01:43+00:00,1,upper,18,0.00039999998989515007,0.00039999998989515007,9.999998989515004e-05,realized_event_entry_model
9351,292684,292708,2021-04-16 20:01:47+00:00,2021-04-16 20:02:11+00:00,-1,lower,24,-0.00039999998989515007,0.00039999998989515007,9.999998989515004e-05,realized_event_entry_model
9376,292709,292724,2021-04-16 20:02:12+00:00,2021-04-16 20:02:27+00:00,-1,lower,15,-0.00039999998989515007,0.00039999998989515007,9.999998989515004e-05,realized_event_entry_model
9413,292746,292750,2021-04-16 20:02:49+00:00,2021-04-16 20:02:53+00:00,1,lower,4,-0.00039999998989515007,-0.00039999998989515007,-0.0006999999898951501,realized_event_entry_model
9421,292754,292755,2021-04-16 20:02:57+00:00,2021-04-16 20:02:58+00:00,1,upper,1,0.00039999998989515007,0.00039999998989515007,9.999998989515004e-05,realized_event_entry_model
9422,292755,292760,2021-04-16 20:02:58+00:00,2021-04-16 20:03:03+00:00,1,upper,5,0.00039999998989515007,0.00039999998989515007,9.999998989515004e-05,realized_event_entry_model
9427,292760,292770,2021-04-16 20:03:03+00:00,2021-04-16 20:03:13+00:00,1,upper,10,0.00039999998989515007,0.00039999998989515007,9.999998989515004e-05,realized_event_entry_model
9442,292775,292803,2021-04-16 20:03:18+00:00,2021-04-16 20:03:46+00:00,1,lower,28,-0.00039999998989515007,-0.00039999998989515007,-0.0006999999898951501,realized_event_entry_model
9473,292806,292821,2021-04-16 20:03:49+00:00,2021-04-16 20:04:04+00:00,1,lower,15,-0.00039999998989515007,-0.00039999998989515007,-0.0006999999898951501,realized_event_entry_model
9490,292823,292830,2021-04-16 20:04:06+00:00,2021-04-16 20:04:13+00:00,-1,lower,7,-0.00039999998989515007,0.00039999998989515007,9.999998989515004e-05,realized_event_entry_model
9499,292832,292852,2021-04-16 20:04:15+00:00,2021-04-16 20:04:35+00:00,1,upper,20,0.00039999998989515007,0.00039999998989515007,9.999998989515004e-05,realized_event_entry_model
9519,292852,292874,2021-04-16 20:04:35+00:00,2021-04-16 20:04:57+00:00,1,upper,22,0.00039999998989515007,0.00039999998989515007,9.999998989515004e-05,realized_event_entry_model
9550,292883,292905,2021-04-16 20:05:06+00:00,2021-04-16 20:05:28+00:00,1,upper,22,0.00039999998989515007,0.00039999998989515007,9.999998989515004e-05,realized_event_entry_model
9576,292909,292916,2021-04-16 20:05:32+00:00,2021-04-16 20:05:39+00:00,1,upper,7,0.00039999998989515007,0.00039999998989515007,9.999998989515004e-05,realized_event_entry_model
9583,292916,292919,2021-04-16 20:05:39+00:00,2021-04-16 20:05:42+00:00,1,upper,3,0.00039999998989515007,0.00039999998989515007,9.999998989515004e-05,realized_event_entry_model
9597,292930,292932,2021-04-16 20:05:53+00:00,2021-04-16 20:05:55+00:00,1,upper,2,0.00039999998989515007,0.00039999998989515007,9.999998989515004e-05,realized_event_entry_model
9599,292932,292956,2021-04-16 20:05:55+00:00,2021-04-16 20:06:19+00:00,1,upper,24,0.00039999998989515007,0.00039999998989515007,9.999998989515004e-05,realized_event_entry_model
9623,292956,292977,2021-04-16 20:06:19+00:00,2021-04-16 20:06:40+00:00,1,lower,21,-0.00039999998989515007,-0.00039999998989515007,-0.0006999999898951501,realized_event_entry_model
9645,292978,292989,2021-04-16 20:06:41+00:00,2021-04-16 20:06:52+00:00,1,upper,11,0.00039999998989515007,0.00039999998989515007,9.999998989515004e-05,realized_event_entry_model
9656,292989,293006,2021-04-16 20:06:52+00:00,2021-04-16 20:07:09+00:00,1,upper,17,0.00039999998989515007,0.00039999998989515007,9.999998989515004e-05,realized_event_entry_model
9690,293023,293047,2021-04-16 20:07:26+00:00,2021-04-16 20:07:50+00:00,1,upper,24,0.00039999998989515007,0.00039999998989515007,9.999998989515004e-05,realized_event_entry_model
9714,293047,293102,2021-04-16 20:07:50+00:00,2021-04-16 20:08:45+00:00,1,lower,55,-0.00039999998989515007,-0.00039999998989515007,-0.0006999999898951501,realized_event_entry_model
9771,293104,293108,2021-04-16 20:08:47+00:00,2021-04-16 20:08:51+00:00,-1,lower,4,-0.00039999998989515007,0.00039999998989515007,9.999998989515004e-05,realized_event_entry_model
9776,293109,293119,2021-04-16 20:08:52+00:00,2021-04-16 20:09:02+00:00,1,upper,10,0.00039999998989515007,0.00039999998989515007,9.999998989515004e-05,realized_event_entry_model
9786,293119,293123,2021-04-16 20:09:02+00:00,2021-04-16 20:09:06+00:00,1,upper,4,0.00039999998989515007,0.00039999998989515007,9.999998989515004e-05,realized_event_entry_model
9790,293123,293151,2021-04-16 20:09:06+00:00,2021-04-16 20:09:34+00:00,1,upper,28,0.00039999998989515007,0.00039999998989515007,9.999998989515004e-05,realized_event_entry_model
9818,293151,293170,2021-04-16 20:09:34+00:00,2021-04-16 20:09:53+00:00,1,upper,19,0.00039999998989515007,0.00039999998989515007,9.999998989515004e-05,realized_event_entry_model
9837,293170,293191,2021-04-16 20:09:53+00:00,2021-04-16 20:10:14+00:00,1,lower,21,-0.00039999998989515007,-0.00039999998989515007,-0.0006999999898951501,realized_event_entry_model
9862,293195,293208,2021-04-16 20:10:18+00:00,2021-04-16 20:10:31+00:00,1,lower,13,-0.00039999998989515007,-0.00039999998989515007,-0.0006999999898951501,realized_event_entry_model
9883,293216,293223,2021-04-16 20:10:39+00:00,2021-04-16 20:10:46+00:00,1,upper,7,0.00039999998989515007,0.00039999998989515007,9.999998989515004e-05,realized_event_entry_model
9890,293223,293235,2021-04-16 20:10:46+00:00,2021-04-16 20:10:58+00:00,1,lower,12,-0.00039999998989515007,-0.00039999998989515007,-0.0006999999898951501,realized_event_entry_model
9909,293242,293266,2021-04-16 20:11:05+00:00,2021-04-16 20:11:29+00:00,1,upper,24,0.00039999998989515007,0.00039999998989515007,9.999998989515004e-05,realized_event_entry_model
9933,293266,293272,2021-04-16 20:11:29+00:00,2021-04-16 20:11:35+00:00,1,upper,6,0.00039999998989515007,0.00039999998989515007,9.999998989515004e-05,realized_event_entry_model
9939,293272,293274,2021-04-16 20:11:35+00:00,2021-04-16 20:11:37+00:00,1,lower,2,-0.00039999998989515007,-0.00039999998989515007,-0.0006999999898951501,realized_event_entry_model
9942,293275,293276,2021-04-16 20:11:38+00:00,2021-04-16 20:11:39+00:00,1,upper,1,0.00039999998989515007,0.00039999998989515007,9.999998989515004e-05,realized_event_entry_model
9943,293276,293295,2021-04-16 20:11:39+00:00,2021-04-16 20:11:58+00:00,1,lower,19,-0.00039999998989515007,-0.00039999998989515007,-0.0006999999898951501,realized_event_entry_model
9970,293303,293305,2021-04-16 20:12:06+00:00,2021-04-16 20:12:08+00:00,1,lower,2,-0.00039999998989515007,-0.00039999998989515007,-0.0006999999898951501,realized_event_entry_model
9974,293307,293337,2021-04-16 20:12:10+00:00,2021-04-16 20:12:40+00:00,1,lower,30,-0.00039999998989515007,-0.00039999998989515007,-0.0006999999898951501,realized_event_entry_model
10005,293338,293354,2021-04-16 20:12:41+00:00,2021-04-16 20:12:57+00:00,1,upper,16,0.00039999998989515007,0.00039999998989515007,9.999998989515004e-05,realized_event_entry_model
10021,293354,293375,2021-04-16 20:12:57+00:00,2021-04-16 20:13:18+00:00,1,lower,21,-0.00039999998989515007,-0.00039999998989515007,-0.0006999999898951501,realized_event_entry_model
10043,293376,293378,2021-04-16 20:13:19+00:00,2021-04-16 20:13:21+00:00,1,lower,2,-0.00039999998989515007,-0.00039999998989515007,-0.0006999999898951501,realized_event_entry_model
10046,293379,293392,2021-04-16 20:13:22+00:00,2021-04-16 20:13:35+00:00,1,lower,13,-0.00039999998989515007,-0.00039999998989515007,-0.0006999999898951501,realized_event_entry_model
10075,293408,293418,2021-04-16 20:13:51+00:00,2021-04-16 20:14:01+00:00,1,upper,10,0.00039999998989515007,0.00039999998989515007,9.999998989515004e-05,realized_event_entry_model
10085,293418,293434,2021-04-16 20:14:01+00:00,2021-04-16 20:14:17+00:00,1,upper,16,0.00039999998989515007,0.00039999998989515007,9.999998989515004e-05,realized_event_entry_model
10101,293434,293448,2021-04-16 20:14:17+00:00,2021-04-16 20:14:31+00:00,1,lower,14,-0.00039999998989515007,-0.00039999998989515007,-0.0006999999898951501,realized_event_entry_model
10131,293464,293465,2021-04-16 20:14:47+00:00,2021-04-16 20:14:48+00:00,1,upper,1,0.00039999998989515007,0.00039999998989515007,9.999998989515004e-05,realized_event_entry_model
10132,293465,293486,2021-04-16 20:14:48+00:00,2021-04-16 20:15:09+00:00,1,upper,21,0.00039999998989515007,0.00039999998989515007,9.999998989515004e-05,realized_event_entry_model
10153,293486,293488,2021-04-16 20:15:09+00:00,2021-04-16 20:15:11+00:00,1,upper,2,0.00039999998989515007,0.00039999998989515007,9.999998989515004e-05,realized_event_entry_model
10155,293488,293491,2021-04-16 20:15:11+00:00,2021-04-16 20:15:14+00:00,1,lower,3,-0.00039999998989515007,-0.00039999998989515007,-0.0006999999898951501,realized_event_entry_model
10159,293492,293502,2021-04-16 20:15:15+00:00,2021-04-16 20:15:25+00:00,1,upper,10,0.00039999998989515007,0.00039999998989515007,9.999998989515004e-05,realized_event_entry_model
10170,293503,293553,2021-04-16 20:15:26+00:00,2021-04-16 20:16:16+00:00,1,lower,50,-0.00039999998989515007,-0.00039999998989515007,-0.0006999999898951501,realized_event_entry_model
