artifact_root_name,run_id,model_pipeline,selected_operator_by_cv,operator,deployment_reference,model_state,gross_pnl_sum,pnl_sum,pnl_per_trade,n_trades,trade_rate,sign_accuracy,win_rate,sharpe_like,dir_auc,trade_auc,rmse,mae,ic,exit_type_accuracy,selection_score,scaled_soft_utility,long_trades,short_trades,long_pnl_sum,short_pnl_sum,timeout_trade_count,upper_exit_trade_count,lower_exit_trade_count,vertical_exit_trade_count,selected_thr_trade,selected_thr_dir,selected_coverage,fit_duration_min,best_epoch_cumulative_train_duration_min,model_name,avg_predicted_tte,avg_true_tte,soft_utility_mean,coverage,selected_feasible
art_304_5min_bg_guard_lr020_5min_0411144355,20260411T144355Z_manual,base_gnn,prior_mpnn,adaptive_conv,False,best_cv,0.0367416428343858,0.0082416428343858,8.67541350987986e-05,95,0.3074433656957929,0.5578947368421052,0.5473684210526316,0.3474626291846188,0.5833333333333333,0.6668936004668352,0.067040894074654,0.045335437454897,-0.1496592257819518,0.686084142394822,0.397983990804694,0.0354499507346687,84,11,-0.0054394607977475,0.0136811036321334,44,24,27,44,0.5,0.5,0.084084084084084,,,adaptive_conv_fold_01_best,1.2263560503431894,1.0,6.230537732166055e-05,0.3074433656957929,False
art_304_5min_bg_guard_lr020_5min_0411144355,20260411T144355Z_manual,base_gnn,prior_mpnn,adaptive_conv,True,last_cv,0.0281563144235406,0.0203563144235406,0.0007829351701361,26,0.0841423948220064,0.6923076923076923,0.6923076923076923,1.914417867055832,0.6171052631578948,0.7004473837774752,0.0287688262865483,0.0226732280491867,-0.0317671879239314,0.6796116504854369,0.4035104562423524,0.0207459802546784,22,4,0.0115071972765494,0.0088491171469911,15,6,5,15,0.58,0.68,0.1711711711711711,,,adaptive_conv_fold_04_best,1.0894909900368996,1.0,3.646228276451053e-05,0.0841423948220064,True
art_304_5min_bg_guard_lr020_5min_0411144355,20260411T144355Z_manual,base_gnn,prior_mpnn,adaptive_conv,False,final_refit,0.017570057127159,0.011270057127159,0.0005366693870075,21,0.0679611650485436,0.6190476190476191,0.6190476190476191,0.9881144545077344,0.630701754385965,0.7217953705504766,0.0213240379136553,0.0162066155712386,0.0383715372673425,0.686084142394822,0.4358513559323791,0.0437662608761234,15,6,0.0064033061889931,0.0048667509381659,9,7,5,9,0.66,0.6,0.1621621621621621,4.0,2.0,adaptive_conv_production_best,1.0686816227860436,1.0,7.692178243786147e-05,0.0679611650485436,True
art_304_5min_bg_guard_lr020_5min_0411144355,20260411T144355Z_manual,base_gnn,prior_mpnn,adaptive_mpnn,False,best_cv,0.0300922060851007,0.0012922060851007,1.3460480053133084e-05,96,0.3106796116504854,0.5208333333333334,0.5104166666666666,0.0533894506713421,0.5267543859649123,0.6750145886014394,0.036657182596425,0.0274538881436709,-0.101749647917646,0.6893203883495146,0.332422458686849,-0.0058692032875774,68,28,-0.0060181867653503,0.0073103928504511,44,24,28,44,0.5,0.5,0.09009009009009,,,adaptive_mpnn_fold_01_best,1.1190527507788155,1.0,-1.0315470623557622e-05,0.3106796116504854,False
art_304_5min_bg_guard_lr020_5min_0411144355,20260411T144355Z_manual,base_gnn,prior_mpnn,adaptive_mpnn,True,last_cv,0.0144145483500324,0.0069145483500324,0.0002765819340012,25,0.0809061488673139,0.56,0.56,0.508262113095631,0.6149122807017543,0.7276308111262401,0.0384019037261924,0.0283961640340445,-0.0320389041226381,0.686084142394822,0.4002798670588537,0.0144247190741282,13,12,-0.0027635347690433,0.0096780831190757,8,7,10,8,0.5,0.53,0.045045045045045,,,adaptive_mpnn_fold_04_best,1.1646898811303297,1.0,2.535229375632343e-05,0.0809061488673139,False
art_304_5min_bg_guard_lr020_5min_0411144355,20260411T144355Z_manual,base_gnn,prior_mpnn,adaptive_mpnn,False,final_refit,0.0207215028640348,0.0087215028640348,0.0002180375716008,40,0.1294498381877022,0.575,0.575,0.54557559540582,0.6368421052631579,0.7159113013032484,0.0160920632063212,0.0123006657475043,0.0847719464246458,0.6893203883495146,0.4501141947847946,0.0561485522208863,32,8,0.0045221096564549,0.0041993932075798,15,12,13,15,0.66,0.64,0.1981981981981982,8.0,6.0,adaptive_mpnn_production_best,1.0452783134762909,1.0,9.868438910878422e-05,0.1294498381877022,True
art_304_5min_bg_guard_lr020_5min_0411144355,20260411T144355Z_manual,base_gnn,prior_mpnn,prior_conv,False,best_cv,0.0417858246655669,0.0219858246655669,0.0003331185555388,66,0.2135922330097087,0.5757575757575758,0.5757575757575758,1.1872349432847216,0.6666666666666665,0.717710562147442,0.0201278748802981,0.0151615796059712,-0.1218354486007192,0.686084142394822,0.4897697810447123,0.0821131967225961,45,21,-0.0002584079911466,0.0222442326567135,35,14,17,35,0.58,0.68,0.3903903903903903,,,prior_conv_fold_03_best,1.122398308179911,1.0,0.0001443187817997,0.2135922330097087,True
art_304_5min_bg_guard_lr020_5min_0411144355,20260411T144355Z_manual,base_gnn,prior_mpnn,prior_conv,True,last_cv,0.0092831622459925,-0.0030168377540074,-7.358140863432745e-05,41,0.1326860841423948,0.5121951219512195,0.5121951219512195,-0.1691847609698201,0.6728070175438596,0.6812390585489205,0.0470163451761468,0.0364719696428826,0.1048438062741534,0.686084142394822,0.4274285135474801,0.0224794968704051,31,10,-0.0003859704832546,-0.0026308672707527,12,16,13,12,0.5,0.5,0.042042042042042,,,prior_conv_fold_04_best,1.22816296495666,1.0,3.950904036495464e-05,0.1326860841423948,False
art_304_5min_bg_guard_lr020_5min_0411144355,20260411T144355Z_manual,base_gnn,prior_mpnn,prior_conv,False,final_refit,0.0309069631621241,0.0195069631621241,0.0005133411358453,38,0.1229773462783171,0.631578947368421,0.631578947368421,1.1799688371601196,0.6017543859649124,0.7322019062439215,0.0236631659394553,0.0186200009323573,0.0695251941065176,0.6925566343042071,0.4162047092764425,0.0355849496556437,36,2,0.0143902895979583,0.0051166735641658,10,17,11,10,0.7,0.5,0.1201201201201201,4.0,2.0,prior_conv_production_best,1.0708539466641869,1.0,6.254264588015068e-05,0.1229773462783171,True
art_304_5min_bg_guard_lr020_5min_0411144355,20260411T144355Z_manual,base_gnn,prior_mpnn,prior_mpnn,False,best_cv,0.0218589528813026,0.0056589528813026,0.0001047954237278,54,0.174757281553398,0.5370370370370371,0.5370370370370371,0.3136308717937605,0.5789473684210527,0.6193833884458276,0.0361746406360854,0.0284210238317554,-0.0116640569969466,0.6796116504854369,0.3568621152737719,0.003428291217424,39,15,-0.0007845282643567,0.0064434811456594,26,14,14,26,0.5,0.5,0.2672672672672673,,,prior_mpnn_fold_03_best,1.1557174573824245,1.0,6.025423828339684e-06,0.174757281553398,True
art_304_5min_bg_guard_lr020_5min_0411144355,20260411T144355Z_manual,base_gnn,prior_mpnn,prior_mpnn,True,last_cv,0.0105023337528109,0.0036023337528109,0.0001566232066439,23,0.0744336569579288,0.5652173913043478,0.5652173913043478,0.2945490157614718,0.5978070175438597,0.6918887375996887,0.0307508951816128,0.0236407128135997,-0.0725613115659133,0.6957928802588996,0.3943617169370103,0.0215652484023201,22,1,0.0046909698509611,-0.0010886360981501,9,8,6,9,0.5,0.56,0.075075075075075,,,prior_mpnn_fold_04_best,1.189575024021482,1.0,3.79021948097623e-05,0.0744336569579288,False
art_304_5min_bg_guard_lr020_5min_0411144355,20260411T144355Z_manual,base_gnn,prior_mpnn,prior_mpnn,False,final_refit,0.0007758538122288,-0.0181241461877711,-0.0002876848601233,63,0.203883495145631,0.492063492063492,0.492063492063492,-0.8894003324501889,0.5776315789473684,0.7182941062050185,0.0210638241194948,0.0168829164859599,-0.0254190746225948,0.6990291262135923,0.3607678525884839,-0.0069104738685846,63,0,-0.0181241461877711,0.0,26,18,19,26,0.66,0.5,0.2402402402402402,3.0,1.0,prior_mpnn_production_best,1.1179934319554794,1.0,-1.2145565027050018e-05,0.203883495145631,True
art_304_5min_bg_guard_lr020_5min_0411144355,20260411T144355Z_manual,base_gnn,prior_mpnn,static_conv,False,best_cv,0.0074628142756409,-0.002137185724359,-6.678705388621885e-05,32,0.1035598705501618,0.5,0.5,-0.1651770204328947,0.5596491228070175,0.6910134215133242,0.0406929399444944,0.0310315860517491,-0.0173184385551121,0.686084142394822,0.3655635903620569,0.0100694718719004,28,4,0.0023045582262799,-0.0044417439506389,20,8,4,20,0.54,0.68,0.1681681681681681,,,static_conv_fold_02_best,1.15614021904646,1.0,1.769769016336167e-05,0.1035598705501618,True
art_304_5min_bg_guard_lr020_5min_0411144355,20260411T144355Z_manual,base_gnn,prior_mpnn,static_conv,True,last_cv,0.0331333663489203,0.0073333663489203,8.527170173163252e-05,86,0.2783171521035599,0.5581395348837209,0.5581395348837209,0.3168777458286186,0.6350877192982457,0.7131394670297607,0.0489576869699449,0.0401700076538145,-0.041401202505828,0.6828478964401294,0.4169065726230965,0.0241461788844217,76,10,0.002352262795018,0.0049811035539023,37,25,24,37,0.58,0.5,0.2792792792792792,,,static_conv_fold_04_best,1.189663674067525,1.0,4.243833221463199e-05,0.2783171521035599,True
art_304_5min_bg_guard_lr020_5min_0411144355,20260411T144355Z_manual,base_gnn,prior_mpnn,static_conv,False,final_refit,0.0117529276758432,0.0024529276758432,7.912669922074971e-05,31,0.1003236245954692,0.5483870967741935,0.5483870967741935,0.1654216086442721,0.6052631578947368,0.7190721649484536,0.0344113646179878,0.0280012667365062,0.0485672861306475,0.686084142394822,0.3730484114473562,-0.0071808343475434,31,0,0.0024529276758432,0.0,11,12,8,11,0.62,0.56,0.1651651651651651,2.0,1.0,static_conv_production_best,1.3145777465456123,1.0,-1.262073949994206e-05,0.1003236245954692,True
art_304_5min_bg_guard_lr020_5min_0411144355,20260411T144355Z_manual,base_gnn,prior_mpnn,static_mpnn,False,best_cv,0.0333580622100271,0.0177580622100271,0.0003415011963466,52,0.1682847896440129,0.5961538461538461,0.5961538461538461,1.035809011210699,0.5973684210526315,0.6797801984049796,0.0263287494096988,0.0209845257790468,0.0682790522854842,0.686084142394822,0.411849256661757,0.0410664374273258,44,8,0.0081493921619374,0.0096086700480896,25,14,13,25,0.7,0.6,0.2042042042042042,,,static_mpnn_fold_02_best,1.1737897222481886,1.0,7.217668363819821e-05,0.1682847896440129,True
art_304_5min_bg_guard_lr020_5min_0411144355,20260411T144355Z_manual,base_gnn,prior_mpnn,static_mpnn,True,last_cv,0.0285130271222442,0.0135130271222442,0.0002702605424448,50,0.1618122977346278,0.6,0.6,0.7223033357739325,0.5925438596491228,0.7202392530636063,0.0205907833460989,0.0150636087740264,0.0761312936007915,0.6893203883495146,0.4137421463659435,0.0390615215642972,29,21,0.0201608556729741,-0.0066478285507298,18,20,12,18,0.7,0.6,0.1441441441441441,,,static_mpnn_fold_04_best,1.087167760315065,1.0,6.865292586828926e-05,0.1618122977346278,True
art_304_5min_bg_guard_lr020_5min_0411144355,20260411T144355Z_manual,base_gnn,prior_mpnn,static_mpnn,False,final_refit,0.0140876065124757,-0.0006123934875242,-1.2497826276004844e-05,49,0.1585760517799352,0.5510204081632653,0.5510204081632653,-0.0328236020966198,0.5899122807017544,0.7062828243532387,0.0269983095080107,0.0193069424350557,0.0131070461045579,0.6990291262135923,0.4002456454502272,0.0288426954814518,34,15,-0.0024919700038619,0.0018795765163376,17,15,17,17,0.7,0.5,0.1591591591591591,4.0,2.0,static_mpnn_production_best,1.1232064383701212,1.0,5.069273687842273e-05,0.1585760517799352,True
